node,score
0,350000
110,350000
540,350000
743,350000
825,350000
961,350000
1441,350000
1459,350000
1936,350000
2284,350000
2636,350000
2873,350000
3016,350000
3028,350000
3155,350000
3403,350000
3565,350000
3721,350000
3971,350000
4080,350000
4125,350000
4305,350000
4314,350000
4389,350000
4835,350000
4909,350000
5015,350000
5046,350000
5090,350000
5194,350000
5207,350000
5589,350000
5603,350000
5630,350000
5705,350000
5706,350000
5766,350000
5880,350000
5966,350000
6012,350000
6307,350000
6421,350000
6436,350000
6728,350000
6868,350000
7000,350000
7107,350000
7450,350000
7564,350000
7749,350000
7758,350000
7771,350000
7791,350000
7866,350000
8099,350000
8241,350000
8671,350000
8870,350000
9643,350000
9814,350000
197,340000
202,340000
587,340000
617,340000
986,340000
1009,340000
1266,340000
1625,340000
2044,340000
2380,340000
2402,340000
2456,340000
2545,340000
2742,340000
2850,340000
3183,340000
3284,340000
3361,340000
3455,340000
3587,340000
3597,340000
3797,340000
3957,340000
4463,340000
4518,340000
4534,340000
4782,340000
5235,340000
5427,340000
5435,340000
5492,340000
5567,340000
5983,340000
6467,340000
6534,340000
6587,340000
6599,340000
6931,340000
7151,340000
7353,340000
7596,340000
8702,340000
9329,340000
9392,340000
9409,340000
9804,340000
9844,340000
9883,340000
474,330000
854,330000
970,330000
1118,330000
1391,330000
1585,330000
2105,330000
2436,330000
2623,330000
2883,330000
2902,330000
3078,330000
3115,330000
3213,330000
3851,330000
3861,330000
4247,330000
4706,330000
4740,330000
4769,330000
5270,330000
6125,330000
6382,330000
6516,330000
7708,330000
7833,330000
7849,330000
7865,330000
8247,330000
8754,330000
8758,330000
8852,330000
9077,330000
9257,330000
9428,330000
9626,330000
9862,330000
9960,330000
103,320000
632,320000
860,320000
1407,320000
1524,320000
1544,320000
1775,320000
2017,320000
2435,320000
2533,320000
2949,320000
3381,320000
4383,320000
4450,320000
4609,320000
4813,320000
5580,320000
5763,320000
6664,320000
6727,320000
6924,320000
7086,320000
7290,320000
7508,320000
7535,320000
7537,320000
7735,320000
7789,320000
7854,320000
8105,320000
8446,320000
8651,320000
9031,320000
9066,320000
9145,320000
9147,320000
9651,320000
506,310000
1710,310000
2142,310000
2433,310000
2985,310000
3209,310000
3338,310000
3519,310000
3667,310000
4106,310000
4253,310000
5004,310000
5290,310000
5898,310000
6236,310000
6345,310000
6351,310000
7988,310000
8236,310000
8263,310000
8321,310000
8401,310000
8586,310000
8588,310000
8710,310000
8793,310000
8924,310000
8966,310000
9098,310000
9358,310000
9420,310000
9783,310000
686,300000
869,300000
1012,300000
1187,300000
1229,300000
1437,300000
1651,300000
1663,300000
1865,300000
2120,300000
2401,300000
3065,300000
3633,300000
3750,300000
3865,300000
4108,300000
4277,300000
6131,300000
6433,300000
6460,300000
7252,300000
7649,300000
7747,300000
7886,300000
8007,300000
8029,300000
8151,300000
8387,300000
8483,300000
8526,300000
8565,300000
9180,300000
9208,300000
9450,300000
9834,300000
9951,300000
129,290000
2374,290000
2626,290000
2781,290000
3162,290000
4194,290000
6497,290000
7015,290000
7567,290000
8108,290000
9174,290000
9255,290000
106,280000
626,280000
997,280000
1633,280000
1966,280000
2130,280000
4292,280000
5464,280000
6078,280000
6344,280000
6686,280000
7292,280000
8709,280000
8792,280000
8880,280000
9258,280000
9498,280000
259,270000
1273,270000
1649,270000
1842,270000
2308,270000
2464,270000
3214,270000
4051,270000
4322,270000
5897,270000
7006,270000
7405,270000
7717,270000
7932,270000
9032,270000
9857,270000
9949,270000
9995,270000
173,260000
1203,260000
1764,260000
2173,260000
3823,260000
3962,260000
6804,260000
7675,260000
384,250000
428,250000
998,250000
1083,250000
1095,250000
1569,250000
2397,250000
3471,250000
3559,250000
5484,250000
6224,250000
7814,250000
8611,250000
9549,250000
9987,250000
43,240000
299,240000
1393,240000
3224,240000
4341,240000
6357,240000
6607,240000
6897,240000
8083,240000
8583,240000
9559,240000
9766,240000
1650,230000
2295,230000
2386,230000
2778,230000
2835,230000
4230,230000
6029,230000
6753,230000
8136,230000
9316,230000
9630,230000
298,220000
1600,220000
1830,220000
5678,220000
6163,220000
8215,220000
389,210000
2342,210000
3963,210000
4232,210000
4838,210000
5155,210000
5482,210000
7670,210000
9586,210000
175,200000
6440,200000
9627,200000
624,180000
1481,180000
2861,180000
9367,180000
1618,170000
4425,170000
7220,170000
174,160000
2690,160000
2862,160000
5072,160000
5479,160000
1480,150000
1757,140000
5458,140000
732,130000
2355,130000
1881,120000
1882,90000
5502,90000
824,40000
996,276
5385,172
6917,169
7315,163
2612,158
9629,157
7563,155
683,154
1813,154
7104,150
9411,149
4675,148
995,147
2866,145
6815,145
3961,143
3974,141
6782,141
2956,138
8426,138
3521,137
6747,137
8152,137
8486,137
1647,136
7538,133
7575,132
9649,131
7686,130
7150,129
9769,129
3302,127
2437,126
7459,126
8265,126
9247,126
1442,125
1648,124
1754,124
6595,124
3611,123
5719,123
9369,123
6583,122
7790,122
3405,121
3798,121
5575,121
6498,121
622,120
2461,120
2950,120
3651,119
6297,119
4798,118
6334,118
1318,117
9570,117
4403,116
5117,116
7509,116
8543,116
2364,115
2622,115
5987,115
6216,115
2605,114
5973,114
7466,114
9796,114
433,113
2434,113
2906,113
3027,113
3970,113
9173,113
3579,112
5569,112
176,111
1626,111
1886,111
2868,111
9833,111
9952,111
873,110
3179,110
3863,109
8897,109
1652,108
4192,108
7009,108
8752,108
2192,107
4781,107
7275,106
7322,106
491,105
2095,105
5428,105
7510,105
4249,104
963,103
3453,103
7624,103
7993,103
8135,103
8713,103
2787,102
5195,102
6464,102
7191,102
8544,102
3216,101
7718,101
8806,101
9503,101
3011,100
4355,100
5005,100
9839,100
9919,100
293,99
610,99
789,99
2238,99
6117,99
6188,99
8511,99
8853,99
9842,99
1054,98
5488,98
8794,98
9390,98
1264,97
3388,97
3462,97
5743,97
8587,97
356,96
3989,96
4602,96
6751,96
7399,96
7780,96
8380,96
9683,96
539,95
2063,95
9560,95
99,94
241,94
618,94
863,94
1202,94
1482,94
1860,94
3196,94
4313,94
4321,94
4662,94
5166,94
7289,94
7299,94
7576,94
8940,94
712,93
1637,93
2286,93
4780,93
4913,93
5704,93
5718,93
6867,93
9953,93
2693,92
7284,92
7417,92
1476,91
6434,91
6859,91
1803,90
3814,90
4462,90
4698,90
6503,90
9429,90
2629,89
4013,89
5686,89
167,88
1515,88
1791,88
1883,88
2123,88
3125,88
3860,88
3923,88
4981,88
5226,88
6459,88
7240,88
391,87
392,87
558,87
1221,87
4190,87
5173,87
6269,87
6609,87
6816,87
7052,87
9628,87
9896,87
249,86
2449,86
6132,86
6394,86
6793,86
7674,86
731,85
760,85
2546,85
3586,85
3679,85
5234,85
5332,85
5472,85
6336,85
6611,85
6893,85
7356,85
8242,85
8424,85
8435,85
9001,85
136,84
1392,84
1888,84
1902,84
2006,84
2780,84
2929,84
6420,84
6990,84
7660,84
8027,84
8628,84
9034,84
9238,84
9762,84
133,83
300,83
1411,83
4342,83
6229,83
7738,83
8138,83
9092,83
10,82
204,82
709,82
1884,82
3062,82
3079,82
3087,82
3383,82
4739,82
4788,82
5439,82
5663,82
5900,82
7105,82
7133,82
7709,82
9717,82
507,81
973,81
1189,81
1852,81
1885,81
2255,81
3501,81
3634,81
3960,81
5291,81
5431,81
5483,81
7118,81
7389,81
7792,81
8584,81
8640,81
9859,81
785,80
1013,80
2595,80
3391,80
4053,80
4379,80
5494,80
6115,80
6591,80
7164,80
8149,80
8460,80
623,79
633,79
1098,79
1204,79
1395,79
1632,79
1643,79
1712,79
2694,79
3152,79
3328,79
3850,79
4209,79
4297,79
5938,79
7570,79
7919,79
8820,79
9611,79
9768,79
9959,79
625,78
1267,78
1844,78
2783,78
4079,78
4229,78
5039,78
5403,78
5899,78
6548,78
7073,78
7772,78
8562,78
9148,78
9370,78
9632,78
9950,78
510,77
802,77
926,77
1615,77
1773,77
2210,77
2571,77
2578,77
2782,77
3003,77
3165,77
3913,77
4129,77
4225,77
4519,77
5477,77
6724,77
7001,77
7285,77
8128,77
9035,77
9128,77
9690,77
417,76
1716,76
2348,76
2385,76
3182,76
3339,76
3818,76
3845,76
4135,76
4252,76
4418,76
4776,76
5629,76
5707,76
5761,76
6052,76
8067,76
8100,76
8205,76
8267,76
9033,76
102,75
207,75
575,75
735,75
916,75
1000,75
2073,75
2863,75
2900,75
3088,75
3382,75
3407,75
4557,75
5535,75
5896,75
6665,75
6729,75
7611,75
8362,75
9110,75
9819,75
208,74
596,74
855,74
957,74
1106,74
2480,74
2865,74
3824,74
4250,74
5069,74
6338,74
6427,74
7244,74
8847,74
8952,74
9153,74
9483,74
9884,74
104,73
210,73
999,73
1568,73
2132,73
2609,73
2779,73
3315,73
3524,73
4124,73
4398,73
5514,73
6053,73
6927,73
6973,73
7274,73
7291,73
7723,73
7821,73
8279,73
8316,73
8485,73
9171,73
9256,73
9749,73
105,72
350,72
519,72
1084,72
1394,72
1446,72
1968,72
2864,72
4768,72
5025,72
5791,72
5857,72
6091,72
6253,72
6435,72
8158,72
8283,72
9093,72
583,71
853,71
2542,71
3233,71
3703,71
3972,71
4953,71
5410,71
6574,71
6672,71
7640,71
7750,71
8409,71
8693,71
8727,71
8915,71
449,70
922,70
3380,70
3807,70
3906,70
4458,70
4480,70
4841,70
5051,70
7010,70
7297,70
7922,70
9315,70
9697,70
9761,70
628,69
651,69
2393,69
4546,69
5406,69
5882,69
5968,69
6450,69
6495,69
6592,69
6818,69
6928,69
8237,69
8348,69
8839,69
8942,69
9234,69
9376,69
27,68
345,68
1036,68
1405,68
1427,68
2159,68
2200,68
5314,68
5786,68
8473,68
9328,68
9759,68
9792,68
297,67
982,67
1128,67
3297,67
4111,67
4888,67
5611,67
5870,67
7688,67
7804,67
9030,67
9202,67
671,66
861,66
1029,66
1831,66
2121,66
2375,66
2635,66
3816,66
4109,66
4503,66
5134,66
5582,66
6293,66
7834,66
8593,66
9432,66
9462,66
9845,66
608,65
781,65
1087,65
2172,65
2729,65
3713,65
4267,65
5777,65
7128,65
8397,65
8608,65
9140,65
9271,65
9326,65
9608,65
9631,65
9858,65
440,64
3063,64
3558,64
3575,64
4378,64
4428,64
4512,64
4544,64
4783,64
4834,64
4855,64
4883,64
5209,64
7149,64
7534,64
7536,64
7684,64
8890,64
9190,64
9421,64
9430,64
9547,64
9810,64
1841,63
2051,63
2100,63
2706,63
3075,63
3450,63
4090,63
5202,63
5676,63
5806,63
6441,63
6734,63
8545,63
8869,63
9063,63
135,62
948,62
1074,62
1184,62
1806,62
2237,62
2322,62
2361,62
2736,62
3465,62
3626,62
3822,62
4330,62
4627,62
4709,62
5474,62
6085,62
6144,62
6679,62
7777,62
8212,62
8591,62
8698,62
211,61
365,61
496,61
515,61
1414,61
2059,61
2290,61
2476,61
2530,61
2591,61
2592,61
2967,61
3017,61
3763,61
4670,61
4965,61
5413,61
6725,61
7426,61
7653,61
8134,61
8322,61
8404,61
9024,61
9566,61
693,60
1159,60
1343,60
1573,60
2972,60
3052,60
3258,60
3806,60
4474,60
4515,60
5416,60
5946,60
5986,60
6312,60
6321,60
6837,60
6870,60
7407,60
7829,60
8457,60
8566,60
128,59
792,59
2250,59
2564,59
3072,59
3363,59
3466,59
3476,59
3604,59
4509,59
4642,59
5233,59
5389,59
5913,59
6058,59
6150,59
6319,59
6925,59
7736,59
8170,59
8186,59
8264,59
1001,58
2692,58
2858,58
3578,58
3958,58
4489,58
4608,58
5443,58
6352,58
6676,58
6740,58
6805,58
6913,58
7371,58
7855,58
8332,58
9144,58
9186,58
9876,58
80,57
616,57
796,57
921,57
978,57
1495,57
1697,57
1905,57
2245,57
2541,57
2613,57
3019,57
3029,57
3212,57
3356,57
3720,57
4707,57
5001,57
5080,57
5549,57
6178,57
6470,57
6636,57
6918,57
7242,57
7384,57
7769,57
8340,57
8672,57
9012,57
511,56
522,56
1016,56
1582,56
1768,56
1890,56
1983,56
2849,56
3025,56
3076,56
3194,56
4449,56
4610,56
4741,56
4861,56
5049,56
5272,56
5680,56
6332,56
6358,56
6756,56
7217,56
7251,56
7328,56
7484,56
7566,56
7663,56
7744,56
7956,56
8868,56
9357,56
9368,56
9897,56
9944,56
476,55
920,55
945,55
1174,55
1604,55
1837,55
1866,55
3173,55
3981,55
4583,55
4616,55
4678,55
4738,55
4827,55
4948,55
5199,55
6183,55
6565,55
6891,55
7205,55
8049,55
8266,55
8470,55
8534,55
8559,55
8595,55
8755,55
9318,55
9342,55
9561,55
9711,55
9989,55
385,54
1024,54
1644,54
1942,54
2396,54
2627,54
3020,54
3099,54
4126,54
4319,54
5075,54
5425,54
6020,54
6480,54
6535,54
6745,54
7020,54
7830,54
8497,54
8564,54
8567,54
8925,54
9071,54
9099,54
9644,54
9765,54
434,53
1018,53
1258,53
1351,53
1558,53
1777,53
1823,53
1854,53
1875,53
2013,53
2023,53
2077,53
2223,53
2927,53
3157,53
3193,53
3469,53
3510,53
3914,53
4075,53
4634,53
4641,53
4880,53
5043,53
5659,53
5820,53
6207,53
6303,53
6523,53
7120,53
7203,53
7651,53
7679,53
7840,53
8177,53
8390,53
8602,53
8775,53
8790,53
9791,53
9805,53
289,52
437,52
826,52
983,52
1073,52
1162,52
1396,52
1494,52
3163,52
3693,52
4258,52
4410,52
5236,52
5785,52
5988,52
6248,52
6381,52
6461,52
6488,52
6934,52
7507,52
7825,52
7905,52
7971,52
8109,52
8243,52
8791,52
8836,52
9224,52
9354,52
9496,52
9661,52
9881,52
1653,51
2088,51
2268,51
2292,51
2321,51
2954,51
3211,51
3223,51
3294,51
3402,51
3545,51
3645,51
3701,51
4673,51
5405,51
6047,51
6350,51
6477,51
6872,51
7044,51
7259,51
7440,51
7464,51
8159,51
8855,51
9177,51
9468,51
9562,51
9710,51
9860,51
240,50
886,50
1323,50
1917,50
1980,50
2232,50
2512,50
2711,50
2728,50
2767,50
2903,50
3277,50
3343,50
3601,50
3859,50
4041,50
4588,50
4777,50
4837,50
4945,50
5023,50
5310,50
5348,50
5835,50
6164,50
6251,50
6254,50
6291,50
6588,50
6766,50
6883,50
6926,50
7076,50
7334,50
7648,50
7682,50
8102,50
8491,50
8577,50
8909,50
8965,50
9172,50
9223,50
9366,50
9473,50
9485,50
689,49
740,49
842,49
1047,49
1156,49
1355,49
1375,49
1774,49
2071,49
2196,49
2659,49
2771,49
2859,49
2904,49
3161,49
3323,49
3369,49
3948,49
3993,49
4105,49
4306,49
5165,49
5304,49
5568,49
5720,49
5879,49
6038,49
6500,49
6687,49
6796,49
6985,49
7226,49
7382,49
7465,49
8252,49
8668,49
9069,49
9146,49
9207,49
9648,49
147,48
247,48
445,48
490,48
517,48
585,48
702,48
1086,48
1311,48
1335,48
1406,48
1499,48
1641,48
1821,48
1991,48
2067,48
2544,48
2621,48
2798,48
3086,48
3404,48
4592,48
4808,48
5020,48
5074,48
5505,48
5566,48
5620,48
6010,48
6142,48
6308,48
6447,48
6835,48
7140,48
7152,48
7218,48
7562,48
7839,48
8133,48
8148,48
8207,48
8800,48
9166,48
9722,48
217,47
475,47
580,47
895,47
987,47
988,47
1272,47
1570,47
2001,47
2131,47
2133,47
2307,47
2381,47
2384,47
3000,47
3228,47
3252,47
3326,47
3542,47
3705,47
4004,47
4246,47
4264,47
4439,47
4975,47
5006,47
5167,47
5319,47
5357,47
5693,47
5708,47
5819,47
6070,47
6462,47
6582,47
6858,47
7061,47
7089,47
7144,47
7222,47
7330,47
7406,47
7533,47
7565,47
8213,47
8360,47
8399,47
8569,47
8878,47
8933,47
9104,47
9162,47
9398,47
9530,47
9537,47
9875,47
280,46
828,46
937,46
1063,46
1429,46
1527,46
1561,46
1576,46
1584,46
1748,46
1816,46
1940,46
2078,46
2166,46
2263,46
2285,46
2298,46
2333,46
2445,46
2529,46
2581,46
2614,46
2721,46
3044,46
3195,46
3251,46
3298,46
3839,46
4818,46
4865,46
4933,46
4996,46
5035,46
5742,46
5868,46
6044,46
6054,46
6223,46
6310,46
6346,46
6353,46
6388,46
6598,46
6915,46
6974,46
7072,46
7083,46
7621,46
7692,46
7706,46
7773,46
8005,46
8098,46
8185,46
8443,46
8744,46
8968,46
9620,46
18,45
127,45
188,45
194,45
589,45
831,45
962,45
1005,45
1023,45
1089,45
1224,45
1255,45
1326,45
1616,45
1627,45
1799,45
1870,45
1887,45
2107,45
2138,45
2214,45
2262,45
2330,45
2531,45
2585,45
2991,45
3470,45
3472,45
3566,45
3607,45
3649,45
3864,45
4068,45
4411,45
4531,45
4967,45
5073,45
5318,45
5833,45
6126,45
6356,45
6370,45
6600,45
7085,45
7272,45
7304,45
7557,45
7832,45
8195,45
8234,45
8271,45
8756,45
8872,45
8998,45
9028,45
9206,45
9650,45
9802,45
75,44
111,44
198,44
231,44
266,44
352,44
548,44
566,44
858,44
862,44
960,44
1020,44
1041,44
1141,44
1169,44
1192,44
1196,44
1227,44
1230,44
1265,44
1276,44
1475,44
1639,44
1722,44
1879,44
1937,44
1970,44
2653,44
2670,44
2905,44
2943,44
3208,44
3477,44
3835,44
3966,44
4086,44
4214,44
4323,44
4445,44
4523,44
4911,44
4920,44
4964,44
5216,44
5320,44
5324,44
5513,44
5587,44
5599,44
5779,44
5953,44
6056,44
6104,44
6129,44
6199,44
6215,44
6237,44
6271,44
6466,44
6605,44
6710,44
7254,44
7267,44
7423,44
7441,44
7630,44
7831,44
8030,44
8084,44
8153,44
8368,44
8422,44
8447,44
8493,44
8585,44
8589,44
8639,44
8655,44
8711,44
8840,44
9006,44
9131,44
9583,44
9584,44
9647,44
9988,44
203,43
386,43
459,43
567,43
968,43
1015,43
1057,43
1078,43
1081,43
1250,43
1812,43
1891,43
2026,43
2234,43
2543,43
2791,43
3023,43
3045,43
3215,43
3291,43
3596,43
3853,43
4023,43
4052,43
4257,43
4447,43
4459,43
4671,43
4815,43
4857,43
4885,43
5110,43
5224,43
5677,43
5745,43
5984,43
6209,43
6397,43
6478,43
6608,43
6662,43
6673,43
6854,43
7008,43
7178,43
7199,43
7336,43
7431,43
8036,43
8306,43
8719,43
8901,43
9073,43
9112,43
9197,43
9242,43
9327,43
9652,43
9785,43
9955,43
368,42
418,42
563,42
684,42
685,42
1067,42
1208,42
1214,42
1346,42
1436,42
1460,42
1545,42
1546,42
1571,42
1700,42
1771,42
1786,42
1829,42
1962,42
2171,42
2277,42
2326,42
2398,42
2569,42
2761,42
2838,42
2920,42
3012,42
3283,42
3348,42
3564,42
3590,42
3619,42
3793,42
3896,42
3943,42
4107,42
4332,42
4335,42
4749,42
5184,42
5193,42
5256,42
5292,42
5548,42
5758,42
5778,42
5997,42
6018,42
6121,42
6172,42
6187,42
6298,42
6349,42
6360,42
6419,42
6697,42
6811,42
6843,42
6929,42
6930,42
7029,42
7134,42
7253,42
7268,42
7293,42
7753,42
7852,42
7952,42
8596,42
8673,42
8845,42
8947,42
9243,42
9456,42
9461,42
9504,42
9519,42
9545,42
9625,42
9731,42
9738,42
9781,42
9893,42
9906,42
9907,42
9999,42
9,41
58,41
192,41
301,41
327,41
378,41
413,41
553,41
738,41
834,41
839,41
904,41
959,41
1108,41
1181,41
1521,41
1540,41
1765,41
1805,41
1909,41
2187,41
2283,41
2414,41
2514,41
2534,41
2567,41
2579,41
2785,41
2807,41
3202,41
3362,41
3384,41
3385,41
3499,41
3672,41
3722,41
3983,41
4058,41
4081,41
4514,41
4600,41
4650,41
4683,41
4704,41
5153,41
5159,41
5335,41
5501,41
5570,41
5662,41
5935,41
5960,41
6011,41
6037,41
6079,41
6225,41
6304,41
6514,41
6596,41
6604,41
6630,41
6688,41
6689,41
6695,41
6737,41
6806,41
6808,41
7221,41
7539,41
7782,41
7818,41
7848,41
8031,41
8111,41
8214,41
8416,41
8612,41
8617,41
8689,41
8819,41
8882,41
8883,41
8945,41
9027,41
9072,41
9149,41
9394,41
9402,41
9438,41
9673,41
9719,41
9767,41
50,40
398,40
697,40
744,40
1008,40
1082,40
1206,40
1228,40
1306,40
1522,40
1613,40
1845,40
1961,40
2019,40
2042,40
2103,40
2400,40
2513,40
2548,40
2631,40
2853,40
2881,40
2947,40
2958,40
2986,40
3066,40
3069,40
3077,40
3232,40
3265,40
3280,40
3321,40
3334,40
3355,40
3432,40
3523,40
3668,40
3819,40
3842,40
3926,40
4049,40
4114,40
4228,40
4231,40
4254,40
4340,40
4344,40
4408,40
4540,40
4582,40
4868,40
4978,40
5131,40
5146,40
5214,40
5249,40
5288,40
5336,40
5434,40
5465,40
5493,40
5605,40
5747,40
5765,40
5823,40
5881,40
5936,40
6016,40
6026,40
6231,40
6311,40
6362,40
6479,40
6511,40
6616,40
6783,40
6879,40
6898,40
7011,40
7142,40
7159,40
7207,40
7331,40
7350,40
7470,40
7511,40
7595,40
7627,40
7841,40
7857,40
7962,40
8038,40
8166,40
8359,40
8379,40
8674,40
8784,40
8859,40
8964,40
9154,40
9252,40
9410,40
9469,40
9645,40
9742,40
9854,40
9997,40
196,39
248,39
295,39
309,39
313,39
439,39
653,39
752,39
788,39
927,39
929,39
1236,39
1331,39
1672,39
1758,39
1763,39
1832,39
1923,39
1945,39
1999,39
2018,39
2020,39
2140,39
2145,39
2178,39
2492,39
2494,39
2695,39
2800,39
2834,39
2885,39
2951,39
2955,39
2968,39
2971,39
3133,39
3370,39
3447,39
3553,39
3567,39
3582,39
3799,39
3852,39
3956,39
3999,39
4001,39
4073,39
4140,39
4473,39
4643,39
4646,39
4721,39
4778,39
4812,39
4836,39
4908,39
5027,39
5070,39
5152,39
5174,39
5205,39
5303,39
5412,39
5426,39
5578,39
5722,39
5764,39
5780,39
5891,39
5909,39
6027,39
6110,39
6208,39
6247,39
6359,39
6395,39
6475,39
6491,39
6606,39
6735,39
6765,39
7129,39
7264,39
7295,39
7449,39
7613,39
7707,39
7722,39
7770,39
7793,39
7883,39
7908,39
7991,39
8039,39
8057,39
8150,39
8187,39
8259,39
8272,39
8278,39
8582,39
8652,39
8687,39
8703,39
8757,39
8938,39
8941,39
9248,39
9317,39
9493,39
9592,39
9612,39
9968,39
46,38
151,38
472,38
500,38
753,38
1014,38
1040,38
1188,38
1205,38
1207,38
1389,38
1408,38
1523,38
1843,38
1935,38
1975,38
2086,38
2093,38
2143,38
2174,38
2297,38
2376,38
2425,38
2466,38
2740,38
2741,38
2745,38
2772,38
2878,38
2887,38
2907,38
3018,38
3144,38
3154,38
3430,38
3475,38
3858,38
4054,38
4077,38
4078,38
4092,38
4162,38
4165,38
4169,38
4248,38
4388,38
4426,38
4430,38
4538,38
4697,38
4772,38
4898,38
4987,38
5012,38
5088,38
5109,38
5135,38
5280,38
5289,38
5424,38
5432,38
5500,38
5579,38
5588,38
5590,38
5637,38
5712,38
5721,38
5834,38
5878,38
6048,38
6082,38
6140,38
6309,38
6469,38
6622,38
6633,38
6668,38
6685,38
6781,38
6802,38
6819,38
6979,38
7007,38
7294,38
7354,38
7363,38
7541,38
7727,38
7737,38
7781,38
7784,38
7860,38
7894,38
7902,38
7990,38
8016,38
8110,38
8299,38
8365,38
8488,38
8499,38
8523,38
8708,38
8712,38
8848,38
8881,38
9002,38
9185,38
9245,38
9250,38
9309,38
9406,38
9497,38
9553,38
9571,38
9576,38
9585,38
9616,38
9659,38
9662,38
9784,38
9863,38
9908,38
9948,38
44,37
95,37
100,37
201,37
357,37
467,37
707,37
805,37
1055,37
1094,37
1115,37
1379,37
1397,37
1440,37
1617,37
1654,37
1867,37
1926,37
1965,37
2047,37
2098,37
2148,37
2170,37
2293,37
2362,37
2399,37
2577,37
2593,37
2672,37
2766,37
2891,37
3054,37
3109,37
3164,37
3225,37
3311,37
3368,37
3406,37
3520,37
3932,37
4237,37
4613,37
4687,37
4715,37
4765,37
4779,37
4907,37
4963,37
5045,37
5084,37
5098,37
5186,37
5258,37
5273,37
5279,37
5356,37
5392,37
5433,37
5451,37
5453,37
5475,37
5679,37
5770,37
5934,37
5963,37
5985,37
6222,37
6384,37
6463,37
6471,37
6586,37
6646,37
6721,37
6750,37
6755,37
6846,37
6978,37
7003,37
7017,37
7311,37
7352,37
7420,37
7560,37
7695,37
7710,37
7748,37
7861,37
7864,37
8006,37
8230,37
8386,37
8388,37
8450,37
8466,37
8475,37
8484,37
8622,37
8681,37
8857,37
9013,37
9067,37
9076,37
9270,37
9339,37
9372,37
9471,37
9510,37
9534,37
9548,37
9812,37
9970,37
1,36
48,36
199,36
342,36
390,36
429,36
503,36
542,36
733,36
748,36
832,36
944,36
947,36
1043,36
1119,36
1226,36
1337,36
1484,36
1572,36
1599,36
1619,36
1711,36
1762,36
1772,36
1785,36
2043,36
2104,36
2119,36
2144,36
2201,36
2276,36
2309,36
2334,36
2341,36
2394,36
2552,36
2624,36
2625,36
2691,36
2696,36
2811,36
2874,36
2938,36
3026,36
3030,36
3064,36
3074,36
3156,36
3158,36
3226,36
3237,36
3255,36
3293,36
3360,36
3473,36
3481,36
3522,36
3527,36
3608,36
3635,36
3669,36
3670,36
3676,36
3741,36
3866,36
3909,36
3973,36
4050,36
4062,36
4076,36
4110,36
4120,36
4171,36
4227,36
4242,36
4276,36
4285,36
4390,36
4471,36
4481,36
4483,36
4492,36
4611,36
4708,36
4814,36
4850,36
4910,36
4959,36
5016,36
5033,36
5047,36
5071,36
5154,36
5237,36
5269,36
5271,36
5338,36
5516,36
5602,36
5604,36
5606,36
5631,36
5701,36
5703,36
5762,36
5937,36
5967,36
6002,36
6093,36
6127,36
6130,36
6166,36
6378,36
6443,36
6468,36
6678,36
6690,36
6749,36
6752,36
6869,36
7014,36
7016,36
7087,36
7088,36
7106,36
7255,36
7296,36
7325,36
7329,36
7355,36
7494,36
7499,36
7629,36
7721,36
7746,36
7757,36
7805,36
7853,36
7859,36
7862,36
7863,36
7989,36
8141,36
8239,36
8294,36
8407,36
8414,36
8474,36
8487,36
8503,36
8603,36
8653,36
8658,36
8701,36
8753,36
8835,36
8900,36
9161,36
9175,36
9330,36
9391,36
9431,36
9451,36
9736,36
9751,36
9835,36
9867,36
9981,36
172,35
213,35
290,35
458,35
464,35
1026,35
1290,35
1583,35
1596,35
2117,35
2557,35
2570,35
2590,35
2732,35
2763,35
2795,35
2810,35
2889,35
2925,35
3488,35
3638,35
3683,35
3901,35
3908,35
3933,35
4308,35
4562,35
4567,35
4597,35
4663,35
4691,35
4823,35
5133,35
5137,35
5509,35
5560,35
5737,35
6219,35
6261,35
6364,35
6473,35
6557,35
6719,35
7127,35
7138,35
7188,35
7190,35
7368,35
7447,35
7556,35
8060,35
8375,35
8448,35
8630,35
8778,35
8993,35
9520,35
9601,35
9741,35
9758,35
9924,35
183,34
340,34
703,34
772,34
1369,34
1581,34
1634,34
1708,34
1783,34
2090,34
2337,34
2356,34
2411,34
2463,34
2738,34
3353,34
3365,34
3451,34
3500,34
3588,34
3591,34
3602,34
3751,34
4384,34
4409,34
4927,34
5293,34
5401,34
5861,34
5928,34
5978,34
6032,34
6071,34
6769,34
7090,34
7097,34
7525,34
7733,34
8062,34
8189,34
8303,34
8324,34
8367,34
8382,34
8405,34
8420,34
8444,34
8557,34
8574,34
8723,34
8856,34
9049,34
9179,34
9213,34
9249,34
9381,34
9501,34
9581,34
9744,34
250,33
650,33
1434,33
1611,33
1973,33
2112,33
2313,33
2536,33
2757,33
3218,33
3546,33
3622,33
3745,33
3886,33
3916,33
3945,33
4008,33
4170,33
4200,33
4262,33
4372,33
4415,33
4743,33
5364,33
5851,33
5864,33
6030,33
6325,33
6449,33
6465,33
6509,33
6741,33
6873,33
6907,33
7084,33
7396,33
7884,33
7982,33
8056,33
8223,33
8295,33
8329,33
8394,33
8433,33
8773,33
8830,33
8831,33
9055,33
9244,33
9319,33
9396,33
9603,33
9658,33
375,32
461,32
552,32
841,32
946,32
952,32
1071,32
1136,32
1314,32
1601,32
1814,32
1856,32
2188,32
2264,32
2382,32
3120,32
3184,32
3286,32
3313,32
3698,32
3707,32
4006,32
4374,32
4629,32
4701,32
4731,32
4929,32
5125,32
5158,32
5200,32
5227,32
5242,32
5371,32
5643,32
6068,32
6250,32
6694,32
7065,32
7500,32
8047,32
8101,32
8467,32
9003,32
9276,32
9536,32
9621,32
9667,32
9798,32
224,31
405,31
420,31
508,31
675,31
728,31
816,31
1032,31
1116,31
1147,31
1155,31
1235,31
1871,31
1880,31
2136,31
2149,31
2841,31
3146,31
3687,31
3737,31
3872,31
4009,31
4036,31
4287,31
4444,31
4579,31
5188,31
5342,31
5503,31
5736,31
5767,31
5959,31
6028,31
6081,31
6175,31
6323,31
6456,31
6962,31
7049,31
7145,31
7157,31
7177,31
7189,31
7603,31
8341,31
8459,31
8613,31
8781,31
8916,31
8927,31
9111,31
9925,31
72,30
179,30
216,30
639,30
696,30
928,30
1003,30
1048,30
1088,30
1659,30
1671,30
1994,30
2109,30
2146,30
2365,30
3056,30
3248,30
3826,30
5122,30
5139,30
5598,30
6476,30
6845,30
6901,30
6902,30
7143,30
7391,30
7606,30
7626,30
7888,30
8044,30
8311,30
8478,30
8520,30
8536,30
8750,30
9215,30
9264,30
9403,30
79,29
171,29
181,29
257,29
277,29
366,29
423,29
644,29
674,29
747,29
847,29
908,29
938,29
965,29
1052,29
1646,29
2041,29
2045,29
2060,29
2183,29
2220,29
2652,29
2667,29
2911,29
2979,29
3007,29
3617,29
3631,29
3815,29
3884,29
4003,29
4649,29
5341,29
5378,29
5476,29
5487,29
5506,29
5640,29
5756,29
5816,29
6292,29
6399,29
6699,29
6798,29
6800,29
6982,29
7503,29
7762,29
8194,29
8469,29
8482,29
8745,29
9138,29
9301,29
9365,29
9416,29
9444,29
9445,29
9506,29
9720,29
9764,29
38,28
92,28
330,28
604,28
678,28
681,28
717,28
1049,28
1177,28
1269,28
1310,28
1986,28
2484,28
2727,28
2917,28
2965,28
2975,28
3097,28
3257,28
3318,28
3373,28
3444,28
3811,28
4000,28
4119,28
4164,28
4273,28
4339,28
4561,28
4591,28
4693,28
5176,28
5542,28
5784,28
6041,28
6119,28
6282,28
7135,28
7571,28
7600,28
7668,28
7945,28
7954,28
8071,28
8075,28
8532,28
8632,28
8991,28
9088,28
9426,28
9487,28
9516,28
9618,28
9642,28
17,27
56,27
170,27
223,27
401,27
463,27
660,27
844,27
984,27
1732,27
2357,27
2360,27
2522,27
2633,27
2931,27
3032,27
3346,27
3367,27
3415,27
3417,27
3467,27
3468,27
3480,27
3603,27
4011,27
4149,27
4427,27
4586,27
4604,27
4724,27
5059,27
5181,27
6003,27
6484,27
6794,27
7059,27
7288,27
7387,27
7414,27
7425,27
7587,27
7602,27
7667,27
7704,27
7835,27
7972,27
8197,27
8411,27
8592,27
8618,27
8637,27
9070,27
9081,27
9105,27
9310,27
9484,27
9937,27
9969,27
84,26
238,26
377,26
412,26
573,26
647,26
727,26
859,26
1070,26
1080,26
1560,26
1622,26
1815,26
1893,26
1947,26
2165,26
2675,26
2698,26
2792,26
2941,26
3278,26
3304,26
3350,26
3753,26
3831,26
3915,26
3938,26
4440,26
4688,26
4756,26
4873,26
4998,26
5054,26
5083,26
5326,26
5328,26
5480,26
5651,26
5685,26
5888,26
6106,26
6404,26
6521,26
6965,26
7038,26
7045,26
7053,26
7078,26
7455,26
7776,26
7795,26
8052,26
8104,26
8201,26
8339,26
8434,26
8541,26
8620,26
8664,26
8838,26
9080,26
9151,26
9269,26
9591,26
9878,26
263,25
462,25
477,25
699,25
914,25
1039,25
1046,25
1170,25
1263,25
1410,25
1493,25
1804,25
2052,25
2091,25
2153,25
2509,25
2754,25
2923,25
3168,25
3185,25
3358,25
3697,25
3714,25
4275,25
4294,25
4915,25
5044,25
5361,25
5461,25
5565,25
5710,25
5723,25
5884,25
5921,25
6244,25
6281,25
6331,25
6347,25
6760,25
6896,25
7068,25
7079,25
7394,25
7700,25
7893,25
8063,25
8107,25
8261,25
8344,25
8498,25
8732,25
8735,25
8817,25
8917,25
9452,25
9474,25
9634,25
9685,25
316,24
319,24
374,24
430,24
452,24
547,24
800,24
933,24
1069,24
1126,24
1324,24
1373,24
1490,24
1538,24
1645,24
1857,24
1957,24
2046,24
2068,24
2111,24
2242,24
2256,24
2271,24
2712,24
2748,24
2882,24
3239,24
3329,24
3486,24
3533,24
3654,24
3675,24
3871,24
4148,24
4349,24
4717,24
4752,24
5061,24
5064,24
5212,24
5302,24
5345,24
5457,24
5524,24
5733,24
5850,24
6033,24
6066,24
6158,24
6197,24
6217,24
6561,24
6776,24
6853,24
7046,24
7170,24
7496,24
7702,24
7810,24
8572,24
8649,24
8877,24
8894,24
8919,24
9011,24
9101,24
9125,24
9134,24
9143,24
9155,24
9183,24
9347,24
9666,24
9772,24
9865,24
9868,24
9903,24
9964,24
126,23
235,23
304,23
444,23
454,23
533,23
561,23
635,23
725,23
867,23
903,23
990,23
1424,23
1723,23
1868,23
2050,23
2064,23
2225,23
2316,23
2438,23
2469,23
2503,23
2607,23
2966,23
3231,23
3376,23
3434,23
3560,23
3573,23
3627,23
3661,23
3662,23
3881,23
3905,23
4312,23
4346,23
4455,23
4653,23
4748,23
4849,23
4902,23
4919,23
4985,23
5368,23
5481,23
5636,23
5910,23
6342,23
6375,23
6453,23
6570,23
6593,23
6625,23
6684,23
6789,23
6828,23
6948,23
7246,23
7590,23
7913,23
7938,23
7943,23
7947,23
7974,23
8009,23
8069,23
8377,23
8381,23
8654,23
8771,23
8999,23
9074,23
9124,23
9277,23
9311,23
9730,23
9801,23
9879,23
9972,23
9991,23
116,22
130,22
191,22
281,22
302,22
372,22
523,22
667,22
670,22
715,22
782,22
1474,22
1518,22
1539,22
1559,22
1788,22
1820,22
1903,22
2015,22
2099,22
2299,22
2318,22
2426,22
2475,22
2489,22
2608,22
2775,22
2854,22
2867,22
2871,22
2884,22
2932,22
2940,22
3104,22
3172,22
3335,22
3491,22
3636,22
3830,22
4725,22
4936,22
4954,22
4969,22
5238,22
5545,22
5581,22
5612,22
5648,22
5769,22
5811,22
5858,22
6025,22
6180,22
6265,22
6283,22
6373,22
6629,22
6671,22
6711,22
6764,22
6951,22
7031,22
7040,22
7054,22
7160,22
7301,22
7495,22
7579,22
7669,22
8163,22
8472,22
8718,22
8963,22
8982,22
8995,22
9246,22
9263,22
9361,22
9414,22
9696,22
9929,22
9940,22
55,21
268,21
323,21
359,21
446,21
504,21
611,21
868,21
887,21
1093,21
1153,21
1281,21
1431,21
1461,21
1513,21
1590,21
1855,21
1930,21
2040,21
2070,21
2072,21
2281,21
2420,21
2423,21
2639,21
2707,21
2793,21
2843,21
2855,21
2893,21
2982,21
3151,21
3174,21
3241,21
3855,21
3978,21
4042,21
4099,21
4102,21
4157,21
4173,21
4204,21
4233,21
4461,21
4491,21
4542,21
4554,21
4563,21
4599,21
4990,21
5000,21
5168,21
5515,21
5926,21
6088,21
6169,21
6245,21
6543,21
6820,21
6996,21
7210,21
7227,21
7262,21
7283,21
7314,21
7377,21
7439,21
7614,21
8072,21
8175,21
8282,21
8529,21
8604,21
8970,21
9167,21
9229,21
9286,21
9293,21
9302,21
9378,21
9433,21
9776,21
9800,21
9816,21
9899,21
47,20
117,20
157,20
187,20
190,20
258,20
267,20
347,20
360,20
370,20
489,20
525,20
619,20
688,20
750,20
780,20
851,20
1065,20
1075,20
1120,20
1125,20
1130,20
1133,20
1183,20
1222,20
1349,20
1402,20
1588,20
1605,20
1606,20
1630,20
1682,20
1691,20
1827,20
2004,20
2022,20
2062,20
2218,20
2412,20
2424,20
2448,20
2501,20
2517,20
2638,20
2679,20
2688,20
2819,20
2877,20
2912,20
2970,20
3057,20
3390,20
3418,20
3459,20
3730,20
3812,20
4065,20
4131,20
4137,20
4151,20
4167,20
4363,20
4521,20
4565,20
4852,20
4976,20
4982,20
5206,20
5223,20
5393,20
5417,20
5468,20
5783,20
5801,20
6040,20
6506,20
6715,20
6743,20
6817,20
6892,20
7012,20
7099,20
7117,20
7181,20
7305,20
7374,20
7383,20
7468,20
7473,20
7561,20
7728,20
7965,20
8022,20
8143,20
8227,20
8333,20
8376,20
8522,20
8597,20
8686,20
8785,20
8858,20
8862,20
8888,20
9023,20
9038,20
9127,20
9152,20
9306,20
9408,20
9565,20
9613,20
9635,20
9670,20
9824,20
9898,20
9904,20
9928,20
218,19
219,19
556,19
602,19
777,19
779,19
833,19
871,19
1278,19
1367,19
1503,19
1525,19
1534,19
1567,19
1666,19
1675,19
1907,19
1922,19
1996,19
2156,19
2199,19
2323,19
2515,19
2662,19
2710,19
2724,19
2872,19
3033,19
3041,19
3186,19
3187,19
3253,19
3307,19
3419,19
3463,19
3528,19
3577,19
3689,19
3710,19
3731,19
3867,19
3904,19
3951,19
4002,19
4010,19
4045,19
4122,19
4183,19
4293,19
4395,19
4723,19
4790,19
4793,19
4829,19
4858,19
4992,19
5208,19
5255,19
5430,19
5814,19
5815,19
5989,19
6080,19
6084,19
6145,19
6146,19
6252,19
6257,19
6410,19
6505,19
6544,19
6614,19
6654,19
6691,19
6736,19
6790,19
6807,19
6884,19
6966,19
7176,19
7312,19
7320,19
7372,19
7551,19
7609,19
7699,19
7756,19
7851,19
7881,19
8074,19
8395,19
8423,19
8512,19
8538,19
8823,19
8884,19
8898,19
8920,19
8923,19
9046,19
9156,19
9299,19
9341,19
9399,19
9413,19
9454,19
9479,19
9557,19
9567,19
9597,19
9599,19
9828,19
9846,19
9866,19
9934,19
34,18
59,18
81,18
189,18
414,18
659,18
765,18
774,18
906,18
950,18
1107,18
1218,18
1239,18
1305,18
1364,18
1465,18
1514,18
1667,18
1769,18
1952,18
2236,18
2379,18
2446,18
2504,18
2684,18
2719,18
2731,18
2750,18
2801,18
2944,18
2952,18
2953,18
3060,18
3095,18
3143,18
3159,18
3176,18
3279,18
3319,18
3364,18
3393,18
3433,18
3637,18
3643,18
3919,18
4088,18
4113,18
4202,18
4217,18
4224,18
4433,18
4511,18
4615,18
4669,18
4810,18
4876,18
4884,18
5120,18
5172,18
5182,18
5240,18
5282,18
5300,18
5305,18
5436,18
5532,18
5593,18
5713,18
5752,18
5955,18
5961,18
5990,18
6143,18
6238,18
6572,18
6716,18
6814,18
6906,18
6914,18
7028,18
7058,18
7114,18
7173,18
7219,18
7223,18
7224,18
7225,18
7306,18
7386,18
7641,18
7739,18
7885,18
7899,18
7928,18
7949,18
8050,18
8162,18
8176,18
8256,18
8391,18
8451,18
8453,18
8648,18
8720,18
8730,18
8879,18
8954,18
9040,18
9097,18
9121,18
9158,18
9194,18
9196,18
9550,18
9624,18
9664,18
9856,18
9941,18
9958,18
9998,18
206,17
331,17
339,17
371,17
468,17
473,17
486,17
513,17
518,17
535,17
555,17
609,17
627,17
722,17
795,17
1034,17
1059,17
1151,17
1268,17
1270,17
1328,17
1339,17
1464,17
1478,17
1536,17
1728,17
1811,17
1878,17
1925,17
2074,17
2160,17
2205,17
2279,17
2392,17
2453,17
2549,17
2586,17
2705,17
2723,17
2825,17
2828,17
2833,17
2879,17
2908,17
2973,17
3070,17
3138,17
3139,17
3229,17
3285,17
3375,17
3598,17
3888,17
3900,17
3935,17
3936,17
3986,17
4085,17
4139,17
4146,17
4303,17
4317,17
4414,17
4465,17
4468,17
4667,17
4695,17
4734,17
4750,17
4794,17
4847,17
4869,17
4956,17
5085,17
5376,17
5523,17
5585,17
5653,17
5771,17
5854,17
5916,17
6170,17
6268,17
6270,17
6275,17
6401,17
6529,17
6531,17
6571,17
6669,17
6993,17
7033,17
7047,17
7113,17
7165,17
7445,17
7729,17
7797,17
7807,17
7808,17
7843,17
7900,17
8008,17
8116,17
8193,17
8402,17
8456,17
8642,17
8683,17
8742,17
8983,17
8994,17
9036,17
9123,17
9253,17
9331,17
9441,17
9542,17
9782,17
9855,17
9996,17
3,16
83,16
91,16
118,16
145,16
265,16
317,16
332,16
409,16
605,16
621,16
852,16
894,16
936,16
954,16
971,16
1139,16
1146,16
1284,16
1312,16
1381,16
1404,16
1897,16
1911,16
1912,16
2129,16
2185,16
2189,16
2194,16
2224,16
2248,16
2249,16
2340,16
2676,16
2888,16
3119,16
3124,16
3142,16
3324,16
3354,16
3357,16
3371,16
3394,16
3543,16
3773,16
4007,16
4070,16
4152,16
4172,16
4206,16
4259,16
4307,16
4357,16
4412,16
4496,16
4517,16
4618,16
4728,16
4809,16
4853,16
5460,16
5543,16
5562,16
5610,16
5613,16
5649,16
5692,16
5772,16
5912,16
5943,16
5949,16
5982,16
5991,16
6045,16
6111,16
6190,16
6300,16
6554,16
6612,16
6681,16
6683,16
6836,16
6861,16
6922,16
6923,16
6943,16
6955,16
7375,16
7388,16
7401,16
7409,16
7460,16
7461,16
7478,16
7715,16
7743,16
7778,16
7845,16
7889,16
7948,16
7978,16
8032,16
8132,16
8310,16
8342,16
8408,16
8500,16
8599,16
8788,16
8875,16
8948,16
9060,16
9084,16
9159,16
9404,16
9405,16
9593,16
9641,16
9653,16
9753,16
9779,16
9920,16
9932,16
97,15
212,15
229,15
333,15
640,15
706,15
708,15
759,15
784,15
798,15
814,15
911,15
949,15
1019,15
1158,15
1303,15
1307,15
1419,15
1530,15
1665,15
1686,15
1739,15
1861,15
1873,15
1906,15
1913,15
2202,15
2289,15
2336,15
2580,15
2640,15
2685,15
2708,15
2752,15
2758,15
2762,15
2839,15
2910,15
3051,15
3059,15
3221,15
3272,15
3387,15
3416,15
3439,15
3479,15
3506,15
3759,15
3770,15
3783,15
3827,15
3841,15
4028,15
4097,15
4156,15
4234,15
4236,15
4244,15
4251,15
4431,15
4482,15
4536,15
4543,15
4621,15
4703,15
4864,15
4944,15
4951,15
5078,15
5213,15
5218,15
5294,15
5309,15
5365,15
5420,15
5448,15
5499,15
5537,15
5618,15
5645,15
5781,15
5859,15
5995,15
6118,15
6122,15
6490,15
6632,15
6667,15
6680,15
6761,15
6770,15
6942,15
6971,15
7035,15
7066,15
7091,15
7126,15
7141,15
7209,15
7215,15
7269,15
7568,15
7664,15
7681,15
7731,15
8011,15
8020,15
8518,15
9142,15
9184,15
9236,15
9348,15
9371,15
9419,15
9555,15
9674,15
9820,15
9891,15
9930,15
9977,15
20,14
63,14
77,14
326,14
808,14
874,14
977,14
1079,14
1112,14
1163,14
1237,14
1260,14
1301,14
1315,14
1428,14
1453,14
1563,14
1693,14
1752,14
1927,14
1997,14
2002,14
2005,14
2048,14
2061,14
2082,14
2097,14
2115,14
2126,14
2222,14
2352,14
2377,14
2444,14
2500,14
2734,14
2797,14
2840,14
2914,14
2915,14
2922,14
3128,14
3129,14
3160,14
3201,14
3242,14
3254,14
3288,14
3552,14
3568,14
3592,14
3630,14
3647,14
3663,14
3729,14
3788,14
3792,14
4141,14
4163,14
4176,14
4185,14
4223,14
4245,14
4295,14
4452,14
4497,14
4594,14
4628,14
4635,14
4762,14
4811,14
5245,14
5259,14
5262,14
5350,14
5395,14
5396,14
5639,14
5698,14
5759,14
5809,14
5890,14
5971,14
5998,14
6023,14
6076,14
6077,14
6366,14
6576,14
6589,14
6617,14
6660,14
6717,14
6844,14
6857,14
7236,14
7250,14
7309,14
7319,14
7369,14
7400,14
7505,14
7514,14
7519,14
7578,14
7740,14
7803,14
7850,14
8024,14
8179,14
8200,14
8275,14
8343,14
8378,14
8476,14
8581,14
8667,14
8746,14
8929,14
8949,14
8960,14
9022,14
9100,14
9281,14
9300,14
9304,14
9466,14
9481,14
9590,14
9699,14
9702,14
9721,14
9743,14
9750,14
39,13
155,13
156,13
195,13
270,13
288,13
355,13
369,13
373,13
451,13
543,13
562,13
572,13
613,13
807,13
812,13
865,13
885,13
940,13
994,13
1097,13
1131,13
1216,13
1245,13
1289,13
1439,13
1541,13
1574,13
1664,13
1674,13
1676,13
1834,13
1869,13
1898,13
2141,13
2179,13
2191,13
2274,13
2288,13
2371,13
2440,13
2447,13
2486,13
2539,13
2664,13
2680,13
3080,13
3103,13
3169,13
3264,13
3269,13
3316,13
3426,13
3485,13
3576,13
3790,13
3805,13
3843,13
3857,13
3995,13
3998,13
4064,13
4082,13
4083,13
4134,13
4177,13
4195,13
4235,13
4520,13
4631,13
4699,13
4720,13
4746,13
4905,13
4941,13
4957,13
4991,13
5053,13
5198,13
5203,13
5217,13
5263,13
5353,13
5415,13
5466,13
5528,13
5538,13
5607,13
5757,13
5800,13
5838,13
5867,13
5907,13
6165,13
6173,13
6214,13
6274,13
6277,13
6294,13
6361,13
6451,13
6631,13
6696,13
7004,13
7172,13
7204,13
7206,13
7442,13
7443,13
7488,13
7526,13
7574,13
7618,13
7645,13
7768,13
7775,13
7838,13
7975,13
7996,13
8114,13
8115,13
8120,13
8145,13
8202,13
8297,13
8358,13
8412,13
8427,13
8429,13
8521,13
8772,13
8809,13
8846,13
8867,13
9065,13
9195,13
9262,13
9415,13
9443,13
9546,13
9734,13
9850,13
9851,13
23,12
54,12
57,12
93,12
134,12
153,12
220,12
255,12
276,12
424,12
436,12
531,12
637,12
658,12
726,12
736,12
820,12
830,12
958,12
1199,12
1242,12
1274,12
1371,12
1528,12
1591,12
1598,12
1636,12
1725,12
1839,12
1863,12
1920,12
1941,12
2176,12
2212,12
2311,12
2315,12
2325,12
2359,12
2477,12
2537,12
2658,12
2959,12
3192,12
3438,12
3557,12
3725,12
3774,12
3879,12
3925,12
3969,12
4094,12
4174,12
4361,12
4443,12
4453,12
4469,12
4488,12
4551,12
4559,12
4622,12
4647,12
4714,12
4745,12
4791,12
4806,12
4833,12
4882,12
4926,12
5002,12
5068,12
5162,12
5298,12
5360,12
5384,12
5408,12
5409,12
5491,12
5563,12
5702,12
5728,12
5841,12
6059,12
6162,12
6328,12
6376,12
6408,12
6493,12
6704,12
6876,12
6950,12
6952,12
6980,12
7025,12
7102,12
7108,12
7125,12
7166,12
7196,12
7235,12
7298,12
7323,12
7358,12
7451,12
7474,12
7486,12
7527,12
7553,12
7642,12
7647,12
7683,12
7690,12
7824,12
7887,12
7933,12
7970,12
8045,12
8146,12
8155,12
8287,12
8347,12
8383,12
8495,12
8527,12
8546,12
8633,12
8714,12
8769,12
8885,12
8973,12
9008,12
9037,12
9043,12
9047,12
9203,12
9218,12
9237,12
9294,12
9343,12
9350,12
9490,12
9636,12
9771,12
9831,12
9890,12
9912,12
30,11
51,11
121,11
154,11
182,11
264,11
271,11
388,11
395,11
422,11
425,11
524,11
536,11
574,11
669,11
716,11
870,11
942,11
1051,11
1072,11
1085,11
1195,11
1279,11
1321,11
1357,11
1412,11
1488,11
1507,11
1552,11
1687,11
1755,11
1809,11
1822,11
1862,11
1889,11
1896,11
2035,11
2175,11
2239,11
2366,11
2403,11
2460,11
2468,11
2471,11
2520,11
2532,11
2566,11
2665,11
2720,11
2735,11
2830,11
2936,11
2957,11
2999,11
3014,11
3061,11
3108,11
3244,11
3249,11
3336,11
3397,11
3441,11
3487,11
3530,11
3574,11
3621,11
3623,11
3659,11
3691,11
3700,11
3761,11
3784,11
3869,11
3959,11
3968,11
3996,11
4121,11
4128,11
4243,11
4265,11
4283,11
4354,11
4360,11
4422,11
4429,11
4498,11
4537,11
4552,11
4589,11
4660,11
4665,11
4700,11
4890,11
4977,11
5017,11
5048,11
5060,11
5082,11
5107,11
5311,11
5330,11
5343,11
5531,11
5544,11
5552,11
5564,11
5768,11
5842,11
5892,11
5920,11
5954,11
6042,11
6057,11
6069,11
6072,11
6099,11
6141,11
6167,11
6227,11
6302,11
6385,11
6400,11
6530,11
6540,11
6634,11
6639,11
6649,11
6722,11
6723,11
6774,11
6792,11
6865,11
6874,11
6882,11
6937,11
7043,11
7067,11
7211,11
7338,11
7341,11
7364,11
7366,11
7376,11
7476,11
7497,11
7501,11
7552,11
7569,11
7620,11
7631,11
7643,11
7655,11
7676,11
7726,11
7741,11
7751,11
7813,11
7880,11
7916,11
7939,11
7944,11
7963,11
7969,11
8048,11
8055,11
8082,11
8113,11
8233,11
8260,11
8396,11
8430,11
8440,11
8455,11
8568,11
8623,11
8636,11
8656,11
8695,11
8733,11
8804,11
8816,11
8849,11
8892,11
8912,11
8974,11
8976,11
9062,11
9064,11
9150,11
9165,11
9182,11
9352,11
9437,11
9448,11
9477,11
9500,11
9523,11
9573,11
9582,11
9686,11
9727,11
9808,11
9832,11
9869,11
9914,11
9933,11
9936,11
21,10
24,10
28,10
49,10
74,10
108,10
168,10
205,10
227,10
328,10
410,10
514,10
612,10
636,10
690,10
692,10
723,10
741,10
746,10
793,10
801,10
875,10
935,10
951,10
1103,10
1197,10
1212,10
1217,10
1234,10
1240,10
1257,10
1285,10
1322,10
1336,10
1358,10
1489,10
1640,10
1656,10
1681,10
1740,10
1747,10
1789,10
1835,10
1864,10
2008,10
2108,10
2181,10
2211,10
2244,10
2314,10
2383,10
2407,10
2416,10
2498,10
2630,10
2681,10
2703,10
2747,10
2753,10
2755,10
2817,10
2831,10
2901,10
2939,10
2981,10
3010,10
3021,10
3034,10
3116,10
3149,10
3189,10
3332,10
3349,10
3443,10
3483,10
3484,10
3593,10
3605,10
3615,10
3628,10
3702,10
3738,10
3739,10
3752,10
3766,10
3821,10
3891,10
3921,10
4034,10
4118,10
4127,10
4178,10
4191,10
4207,10
4288,10
4352,10
4394,10
4568,10
4606,10
4625,10
4753,10
4797,10
4866,10
4940,10
4971,10
5022,10
5034,10
5040,10
5126,10
5149,10
5180,10
5196,10
5228,10
5252,10
5286,10
5370,10
5391,10
5404,10
5473,10
5478,10
5504,10
5507,10
5573,10
5683,10
5717,10
5776,10
5808,10
5821,10
5831,10
5848,10
5860,10
5911,10
6067,10
6089,10
6092,10
6159,10
6228,10
6258,10
6259,10
6335,10
6337,10
6374,10
6472,10
6486,10
6492,10
6552,10
6652,10
6682,10
6738,10
6788,10
6791,10
6849,10
6855,10
7048,10
7082,10
7131,10
7182,10
7194,10
7232,10
7233,10
7287,10
7347,10
7424,10
7475,10
7572,10
7625,10
7678,10
7714,10
7820,10
7910,10
7946,10
8035,10
8065,10
8081,10
8088,10
8209,10
8222,10
8330,10
8346,10
8555,10
8600,10
8705,10
8741,10
8762,10
8765,10
8822,10
8904,10
8926,10
8939,10
8978,10
8980,10
8990,10
9056,10
9139,10
9199,10
9204,10
9210,10
9259,10
9279,10
9280,10
9338,10
9379,10
9512,10
9515,10
9587,10
9607,10
9715,10
9829,10
9872,10
9946,10
9962,10
26,9
52,9
67,9
138,9
139,9
150,9
272,9
283,9
322,9
427,9
460,9
512,9
537,9
550,9
600,9
615,9
649,9
662,9
718,9
719,9
751,9
934,9
941,9
979,9
1006,9
1025,9
1053,9
1076,9
1101,9
1123,9
1140,9
1144,9
1166,9
1182,9
1231,9
1232,9
1275,9
1288,9
1433,9
1449,9
1473,9
1486,9
1492,9
1556,9
1565,9
1602,9
1685,9
1810,9
1818,9
1824,9
1825,9
1895,9
1972,9
1988,9
2011,9
2055,9
2058,9
2080,9
2081,9
2291,9
2391,9
2415,9
2422,9
2499,9
2523,9
2568,9
2583,9
2618,9
2644,9
2683,9
2777,9
2842,9
2933,9
3022,9
3031,9
3055,9
3091,9
3148,9
3180,9
3200,9
3206,9
3296,9
3300,9
3309,9
3389,9
3422,9
3464,9
3489,9
3548,9
3554,9
3620,9
3629,9
3653,9
3684,9
3733,9
3740,9
3899,9
4039,9
4060,9
4093,9
4189,9
4222,9
4270,9
4311,9
4329,9
4393,9
4401,9
4419,9
4423,9
4493,9
4499,9
4529,9
4578,9
4619,9
4624,9
4657,9
4664,9
4694,9
4733,9
4760,9
4845,9
4901,9
4931,9
5013,9
5038,9
5041,9
5076,9
5103,9
5183,9
5185,9
5192,9
5261,9
5299,9
5322,9
5347,9
5438,9
5452,9
5525,9
5550,9
5557,9
5591,9
5626,9
5632,9
5634,9
5644,9
5664,9
5665,9
5744,9
5788,9
5802,9
5862,9
5872,9
5905,9
6000,9
6036,9
6105,9
6109,9
6135,9
6186,9
6200,9
6218,9
6264,9
6305,9
6407,9
6415,9
6474,9
6494,9
6520,9
6618,9
6621,9
6627,9
6778,9
6824,9
6839,9
6933,9
6984,9
7093,9
7116,9
7147,9
7197,9
7200,9
7216,9
7228,9
7239,9
7348,9
7493,9
7616,9
7623,9
7671,9
7719,9
7767,9
7779,9
7828,9
7879,9
7997,9
8025,9
8061,9
8085,9
8119,9
8137,9
8229,9
8288,9
8298,9
8305,9
8334,9
8336,9
8364,9
8436,9
8471,9
8496,9
8550,9
8598,9
8607,9
8659,9
8789,9
8813,9
8873,9
8887,9
8971,9
9021,9
9044,9
9096,9
9136,9
9192,9
9220,9
9314,9
9340,9
9346,9
9359,9
9407,9
9531,9
9579,9
9638,9
9646,9
9656,9
9657,9
9679,9
9706,9
9707,9
9709,9
9712,9
9728,9
9778,9
9916,9
9922,9
7,8
8,8
40,8
98,8
107,8
221,8
351,8
361,8
382,8
396,8
435,8
438,8
441,8
509,8
565,8
571,8
603,8
701,8
758,8
787,8
797,8
880,8
975,8
1027,8
1066,8
1121,8
1127,8
1271,8
1287,8
1291,8
1294,8
1354,8
1501,8
1553,8
1669,8
1734,8
1759,8
1795,8
1796,8
1836,8
1853,8
1877,8
1951,8
1953,8
1958,8
2009,8
2010,8
2025,8
2029,8
2039,8
2076,8
2184,8
2226,8
2231,8
2240,8
2243,8
2389,8
2478,8
2554,8
2574,8
2589,8
2637,8
2645,8
2646,8
2656,8
2663,8
2669,8
2689,8
2704,8
2759,8
2788,8
2805,8
2846,8
2857,8
2935,8
2962,8
2989,8
2998,8
3170,8
3310,8
3372,8
3408,8
3456,8
3460,8
3508,8
3511,8
3512,8
3536,8
3708,8
3712,8
3800,8
3829,8
3844,8
3846,8
3870,8
3941,8
3954,8
4015,8
4019,8
4026,8
4096,8
4116,8
4123,8
4153,8
4215,8
4296,8
4302,8
4309,8
4316,8
4333,8
4336,8
4362,8
4504,8
4572,8
4573,8
4590,8
4654,8
4682,8
4685,8
4686,8
4702,8
4719,8
4757,8
4831,8
4903,8
4960,8
4980,8
5003,8
5009,8
5028,8
5077,8
5102,8
5132,8
5142,8
5210,8
5382,8
5387,8
5423,8
5437,8
5511,8
5518,8
5526,8
5558,8
5571,8
5617,8
5670,8
5673,8
5675,8
5687,8
5803,8
5826,8
5885,8
5915,8
5929,8
5962,8
5993,8
5999,8
6031,8
6065,8
6074,8
6124,8
6136,8
6153,8
6365,8
6386,8
6405,8
6425,8
6438,8
6482,8
6487,8
6502,8
6545,8
6567,8
6642,8
6657,8
6659,8
6742,8
6784,8
6801,8
6803,8
6822,8
6860,8
6949,8
6953,8
6977,8
6986,8
7034,8
7050,8
7092,8
7179,8
7186,8
7192,8
7279,8
7410,8
7427,8
7467,8
7515,8
7523,8
7548,8
7555,8
7632,8
7673,8
7734,8
7844,8
7890,8
7895,8
7918,8
7925,8
7926,8
7937,8
7992,8
8034,8
8096,8
8171,8
8199,8
8218,8
8291,8
8304,8
8320,8
8389,8
8392,8
8421,8
8463,8
8516,8
8549,8
8669,8
8751,8
8759,8
8764,8
8779,8
8818,8
8827,8
8843,8
8903,8
8922,8
8931,8
8934,8
8961,8
8986,8
9094,8
9095,8
9113,8
9168,8
9193,8
9374,8
9480,8
9564,8
9577,8
9605,8
9737,8
9747,8
9813,8
9921,8
9938,8
9973,8
9985,8
4,7
45,7
70,7
76,7
90,7
178,7
200,7
222,7
284,7
286,7
294,7
305,7
336,7
344,7
400,7
411,7
421,7
426,7
471,7
484,7
499,7
559,7
598,7
648,7
655,7
730,7
757,7
762,7
773,7
804,7
835,7
848,7
902,7
964,7
966,7
976,7
1004,7
1017,7
1033,7
1068,7
1091,7
1145,7
1148,7
1191,7
1211,7
1233,7
1280,7
1286,7
1352,7
1363,7
1383,7
1386,7
1403,7
1430,7
1435,7
1438,7
1491,7
1543,7
1547,7
1566,7
1587,7
1610,7
1680,7
1690,7
1713,7
1714,7
1770,7
1782,7
1934,7
1946,7
1959,7
1971,7
1982,7
2007,7
2031,7
2053,7
2087,7
2106,7
2110,7
2204,7
2216,7
2241,7
2439,7
2474,7
2508,7
2560,7
2563,7
2600,7
2650,7
2657,7
2700,7
2776,7
2799,7
2829,7
2898,7
2961,7
2997,7
3106,7
3141,7
3260,7
3263,7
3275,7
3301,7
3303,7
3330,7
3392,7
3490,7
3509,7
3551,7
3609,7
3612,7
3760,7
3882,7
3992,7
4018,7
4056,7
4095,7
4132,7
4175,7
4181,7
4210,7
4310,7
4320,7
4348,7
4371,7
4382,7
4396,7
4397,7
4417,7
4434,7
4437,7
4526,7
4638,7
4645,7
4648,7
4690,7
4729,7
4785,7
4787,7
4792,7
4799,7
4912,7
4922,7
4942,7
4966,7
4989,7
4993,7
4995,7
5063,7
5129,7
5150,7
5156,7
5161,7
5179,7
5243,7
5266,7
5296,7
5354,7
5377,7
5407,7
5455,7
5467,7
5519,7
5554,7
5576,7
5595,7
5600,7
5646,7
5661,7
5724,7
5775,7
5782,7
5796,7
5799,7
5845,7
6061,7
6062,7
6063,7
6107,7
6113,7
6128,7
6198,7
6249,7
6278,7
6280,7
6290,7
6313,7
6317,7
6424,7
6501,7
6517,7
6526,7
6562,7
6579,7
6584,7
6619,7
6623,7
6643,7
6650,7
6744,7
6763,7
6771,7
6785,7
6799,7
6810,7
6812,7
6813,7
6833,7
6899,7
6936,7
6954,7
6956,7
6976,7
7002,7
7026,7
7055,7
7074,7
7081,7
7095,7
7123,7
7132,7
7180,7
7303,7
7412,7
7413,7
7458,7
7479,7
7482,7
7487,7
7577,7
7593,7
7689,7
7755,7
7765,7
7788,7
7802,7
7826,7
7914,7
7955,7
7981,7
8003,7
8023,7
8091,7
8097,7
8248,7
8255,7
8385,7
8439,7
8514,7
8560,7
8614,7
8616,7
8682,7
8707,7
8721,7
8747,7
8807,7
8833,7
8842,7
8851,7
8861,7
8932,7
8958,7
8989,7
9014,7
9018,7
9029,7
9039,7
9048,7
9265,7
9355,7
9382,7
9400,7
9460,7
9467,7
9470,7
9522,7
9529,7
9532,7
9543,7
9554,7
9598,7
9675,7
9682,7
9689,7
9695,7
9757,7
9815,7
9817,7
9918,7
9939,7
12,6
29,6
31,6
69,6
87,6
101,6
119,6
120,6
124,6
164,6
242,6
275,6
279,6
320,6
329,6
346,6
379,6
448,6
465,6
592,6
599,6
631,6
645,6
724,6
742,6
755,6
766,6
767,6
770,6
786,6
799,6
810,6
811,6
827,6
857,6
918,6
943,6
953,6
1030,6
1096,6
1109,6
1132,6
1142,6
1160,6
1172,6
1201,6
1215,6
1293,6
1309,6
1332,6
1350,6
1356,6
1445,6
1458,6
1463,6
1468,6
1497,6
1526,6
1579,6
1586,6
1607,6
1620,6
1673,6
1678,6
1688,6
1704,6
1706,6
1707,6
1719,6
1721,6
1731,6
1745,6
1794,6
1798,6
1807,6
1910,6
1924,6
1929,6
1954,6
1993,6
1995,6
1998,6
2032,6
2089,6
2127,6
2128,6
2157,6
2197,6
2206,6
2213,6
2251,6
2261,6
2275,6
2287,6
2294,6
2302,6
2303,6
2351,6
2367,6
2432,6
2441,6
2473,6
2481,6
2506,6
2550,6
2594,6
2660,6
2697,6
2718,6
2737,6
2739,6
2743,6
2774,6
2802,6
2803,6
2821,6
2836,6
2856,6
2890,6
2980,6
2988,6
3081,6
3107,6
3121,6
3219,6
3243,6
3256,6
3312,6
3342,6
3401,6
3414,6
3427,6
3429,6
3442,6
3493,6
3526,6
3535,6
3544,6
3562,6
3563,6
3570,6
3640,6
3644,6
3681,6
3709,6
3749,6
3757,6
3764,6
3787,6
3817,6
3894,6
3903,6
3965,6
3987,6
4084,6
4133,6
4150,6
4274,6
4280,6
4290,6
4315,6
4327,6
4353,6
4391,6
4436,6
4494,6
4495,6
4502,6
4548,6
4555,6
4603,6
4666,6
4718,6
4795,6
4817,6
4819,6
4842,6
4851,6
4889,6
4930,6
4937,6
4984,6
4997,6
5042,6
5092,6
5127,6
5175,6
5177,6
5251,6
5275,6
5285,6
5301,6
5340,6
5351,6
5362,6
5380,6
5463,6
5534,6
5572,6
5574,6
5596,6
5624,6
5638,6
5657,6
5667,6
5684,6
5730,6
5734,6
5749,6
5750,6
5754,6
5812,6
5847,6
5855,6
5876,6
5889,6
5901,6
5917,6
5932,6
5956,6
5977,6
5979,6
6013,6
6015,6
6017,6
6021,6
6024,6
6039,6
6086,6
6095,6
6102,6
6120,6
6210,6
6266,6
6289,6
6326,6
6396,6
6431,6
6446,6
6594,6
6610,6
6693,6
6698,6
6758,6
6768,6
6852,6
6862,6
6904,6
6919,6
6921,6
6960,6
6989,6
6994,6
7019,6
7057,6
7101,6
7158,6
7198,6
7266,6
7286,6
7308,6
7313,6
7335,6
7343,6
7362,6
7403,6
7404,6
7433,6
7434,6
7446,6
7453,6
7454,6
7469,6
7480,6
7498,6
7588,6
7604,6
7634,6
7635,6
7662,6
7687,6
7705,6
7730,6
7798,6
7869,6
7873,6
7921,6
7953,6
7959,6
7985,6
8010,6
8041,6
8073,6
8095,6
8122,6
8127,6
8178,6
8182,6
8192,6
8258,6
8327,6
8406,6
8413,6
8454,6
8561,6
8590,6
8605,6
8645,6
8684,6
8694,6
8726,6
8739,6
8749,6
8774,6
8798,6
8801,6
8805,6
8810,6
8834,6
8871,6
8876,6
8891,6
8910,6
8936,6
8944,6
8962,6
8972,6
8987,6
9057,6
9089,6
9187,6
9212,6
9240,6
9261,6
9272,6
9284,6
9313,6
9334,6
9525,6
9526,6
9551,6
9572,6
9575,6
9614,6
9668,6
9703,6
9713,6
9726,6
9732,6
9770,6
9809,6
9826,6
9871,6
9931,6
9983,6
6,5
15,5
62,5
66,5
73,5
78,5
123,5
141,5
177,5
303,5
321,5
324,5
349,5
353,5
367,5
399,5
415,5
442,5
450,5
530,5
538,5
544,5
582,5
588,5
601,5
654,5
657,5
666,5
687,5
700,5
749,5
763,5
838,5
849,5
882,5
893,5
897,5
915,5
924,5
967,5
1007,5
1021,5
1056,5
1099,5
1100,5
1165,5
1200,5
1213,5
1253,5
1380,5
1467,5
1472,5
1485,5
1512,5
1557,5
1575,5
1580,5
1628,5
1638,5
1655,5
1679,5
1695,5
1702,5
1718,5
1726,5
1736,5
1738,5
1744,5
1756,5
1819,5
1851,5
1872,5
1894,5
1904,5
1938,5
1976,5
2012,5
2030,5
2094,5
2102,5
2116,5
2125,5
2139,5
2168,5
2195,5
2198,5
2209,5
2405,5
2410,5
2450,5
2452,5
2454,5
2487,5
2497,5
2502,5
2553,5
2555,5
2556,5
2561,5
2565,5
2588,5
2647,5
2649,5
2687,5
2699,5
2726,5
2794,5
2796,5
2815,5
2845,5
2852,5
2870,5
2886,5
2913,5
2916,5
2928,5
2974,5
2990,5
2993,5
3002,5
3005,5
3082,5
3092,5
3111,5
3114,5
3118,5
3135,5
3147,5
3167,5
3177,5
3181,5
3203,5
3205,5
3222,5
3238,5
3287,5
3295,5
3299,5
3308,5
3325,5
3331,5
3347,5
3399,5
3482,5
3495,5
3532,5
3550,5
3561,5
3572,5
3580,5
3589,5
3641,5
3642,5
3655,5
3688,5
3696,5
3718,5
3734,5
3742,5
3744,5
3754,5
3755,5
3772,5
3778,5
3791,5
3820,5
3895,5
3912,5
3917,5
3947,5
3953,5
3977,5
3979,5
3988,5
3990,5
4020,5
4047,5
4091,5
4130,5
4161,5
4199,5
4213,5
4240,5
4255,5
4279,5
4318,5
4358,5
4359,5
4364,5
4413,5
4435,5
4454,5
4460,5
4477,5
4487,5
4510,5
4527,5
4528,5
4550,5
4576,5
4605,5
4677,5
4722,5
4726,5
4751,5
4802,5
4822,5
4826,5
4844,5
4887,5
4928,5
4932,5
4938,5
4968,5
5036,5
5089,5
5106,5
5108,5
5124,5
5128,5
5130,5
5160,5
5169,5
5178,5
5225,5
5248,5
5253,5
5260,5
5274,5
5277,5
5281,5
5295,5
5308,5
5333,5
5352,5
5422,5
5429,5
5490,5
5551,5
5556,5
5559,5
5583,5
5597,5
5616,5
5621,5
5654,5
5671,5
5695,5
5697,5
5699,5
5715,5
5748,5
5793,5
5794,5
5797,5
5798,5
5829,5
5836,5
5908,5
5914,5
5939,5
5951,5
5980,5
6005,5
6008,5
6049,5
6055,5
6147,5
6194,5
6202,5
6260,5
6299,5
6339,5
6341,5
6367,5
6379,5
6437,5
6454,5
6458,5
6533,5
6555,5
6601,5
6638,5
6677,5
6692,5
6731,5
6759,5
6777,5
6787,5
6825,5
6840,5
6864,5
6887,5
6938,5
6947,5
6967,5
6969,5
6981,5
6983,5
6987,5
6988,5
6999,5
7022,5
7027,5
7042,5
7063,5
7064,5
7109,5
7110,5
7122,5
7139,5
7148,5
7187,5
7195,5
7212,5
7214,5
7260,5
7278,5
7302,5
7324,5
7357,5
7395,5
7462,5
7491,5
7516,5
7522,5
7586,5
7589,5
7591,5
7659,5
7742,5
7745,5
7759,5
7811,5
7817,5
7868,5
7896,5
7923,5
7935,5
7951,5
8059,5
8068,5
8087,5
8117,5
8139,5
8140,5
8142,5
8147,5
8156,5
8164,5
8167,5
8172,5
8232,5
8249,5
8253,5
8270,5
8325,5
8338,5
8363,5
8432,5
8458,5
8492,5
8510,5
8528,5
8558,5
8571,5
8575,5
8685,5
8738,5
8740,5
8799,5
8825,5
8829,5
8854,5
8886,5
8905,5
8908,5
8914,5
8935,5
8943,5
8955,5
8967,5
8969,5
8997,5
9016,5
9045,5
9083,5
9091,5
9120,5
9130,5
9135,5
9137,5
9178,5
9198,5
9211,5
9226,5
9230,5
9239,5
9307,5
9308,5
9351,5
9397,5
9418,5
9424,5
9435,5
9436,5
9446,5
9458,5
9463,5
9486,5
9539,5
9556,5
9558,5
9578,5
9684,5
9714,5
9723,5
9752,5
9774,5
9838,5
9841,5
9892,5
9905,5
9961,5
9963,5
9974,5
9982,5
9986,5
14,4
16,4
65,4
82,4
85,4
131,4
143,4
166,4
254,4
337,4
343,4
397,4
407,4
457,4
469,4
505,4
532,4
568,4
593,4
638,4
663,4
695,4
714,4
729,4
734,4
756,4
769,4
790,4
817,4
829,4
864,4
879,4
899,4
905,4
909,4
925,4
932,4
939,4
980,4
992,4
1060,4
1090,4
1092,4
1102,4
1113,4
1124,4
1157,4
1171,4
1175,4
1190,4
1193,4
1220,4
1248,4
1249,4
1256,4
1304,4
1342,4
1420,4
1443,4
1444,4
1456,4
1479,4
1487,4
1498,4
1509,4
1519,4
1531,4
1548,4
1550,4
1593,4
1614,4
1684,4
1692,4
1694,4
1698,4
1703,4
1715,4
1717,4
1724,4
1737,4
1742,4
1781,4
1792,4
1828,4
1849,4
1859,4
1874,4
1899,4
1915,4
1918,4
1939,4
1948,4
1985,4
1989,4
2024,4
2038,4
2135,4
2151,4
2167,4
2180,4
2259,4
2269,4
2278,4
2306,4
2324,4
2345,4
2378,4
2388,4
2404,4
2421,4
2458,4
2465,4
2496,4
2505,4
2518,4
2526,4
2559,4
2603,4
2611,4
2616,4
2641,4
2651,4
2671,4
2730,4
2768,4
2790,4
2816,4
2818,4
2820,4
2921,4
2945,4
2976,4
2983,4
2995,4
2996,4
3009,4
3024,4
3058,4
3083,4
3105,4
3126,4
3132,4
3137,4
3140,4
3166,4
3210,4
3271,4
3273,4
3317,4
3352,4
3431,4
3496,4
3516,4
3518,4
3537,4
3539,4
3614,4
3639,4
3664,4
3665,4
3671,4
3715,4
3724,4
3732,4
3735,4
3743,4
3748,4
3756,4
3758,4
3768,4
3786,4
3802,4
3803,4
3828,4
3832,4
3837,4
3840,4
3880,4
3890,4
3922,4
3944,4
3950,4
3964,4
3975,4
4101,4
4138,4
4143,4
4154,4
4193,4
4196,4
4216,4
4218,4
4220,4
4347,4
4350,4
4365,4
4366,4
4370,4
4376,4
4385,4
4400,4
4448,4
4476,4
4500,4
4508,4
4516,4
4549,4
4566,4
4570,4
4656,4
4661,4
4668,4
4674,4
4676,4
4716,4
4730,4
4732,4
4803,4
4863,4
4867,4
4874,4
4878,4
4893,4
4923,4
4935,4
4947,4
4950,4
4958,4
4974,4
4979,4
4988,4
5055,4
5062,4
5067,4
5091,4
5099,4
5100,4
5112,4
5116,4
5121,4
5140,4
5190,4
5201,4
5215,4
5219,4
5257,4
5278,4
5284,4
5313,4
5323,4
5339,4
5344,4
5346,4
5355,4
5359,4
5369,4
5374,4
5386,4
5397,4
5402,4
5421,4
5446,4
5449,4
5469,4
5470,4
5498,4
5510,4
5512,4
5529,4
5530,4
5539,4
5546,4
5608,4
5614,4
5641,4
5647,4
5666,4
5700,4
5732,4
5741,4
5789,4
5822,4
5844,4
5877,4
5918,4
5945,4
5964,4
5969,4
5974,4
6035,4
6100,4
6116,4
6151,4
6155,4
6241,4
6279,4
6285,4
6287,4
6288,4
6318,4
6322,4
6327,4
6368,4
6391,4
6411,4
6439,4
6483,4
6513,4
6549,4
6568,4
6569,4
6615,4
6624,4
6628,4
6641,4
6648,4
6707,4
6841,4
6848,4
6880,4
6885,4
6889,4
6911,4
6939,4
6946,4
6963,4
7036,4
7039,4
7041,4
7071,4
7103,4
7111,4
7119,4
7121,4
7146,4
7167,4
7174,4
7208,4
7248,4
7257,4
7273,4
7300,4
7318,4
7332,4
7337,4
7339,4
7379,4
7380,4
7397,4
7398,4
7421,4
7438,4
7483,4
7485,4
7504,4
7528,4
7547,4
7594,4
7598,4
7610,4
7622,4
7637,4
7644,4
7652,4
7654,4
7697,4
7698,4
7724,4
7725,4
7732,4
7761,4
7786,4
7801,4
7822,4
7875,4
7907,4
7960,4
7964,4
7966,4
7976,4
7977,4
7983,4
7987,4
8014,4
8028,4
8046,4
8053,4
8066,4
8076,4
8078,4
8080,4
8090,4
8169,4
8174,4
8184,4
8191,4
8198,4
8208,4
8220,4
8221,4
8231,4
8280,4
8292,4
8301,4
8352,4
8384,4
8400,4
8419,4
8437,4
8449,4
8462,4
8477,4
8501,4
8505,4
8508,4
8576,4
8579,4
8601,4
8626,4
8717,4
8728,4
8729,4
8734,4
8736,4
8737,4
8760,4
8766,4
8783,4
8815,4
8828,4
8850,4
8889,4
8893,4
8951,4
8956,4
8957,4
8977,4
9000,4
9004,4
9019,4
9026,4
9052,4
9087,4
9117,4
9126,4
9133,4
9169,4
9188,4
9200,4
9201,4
9222,4
9225,4
9267,4
9268,4
9273,4
9287,4
9296,4
9363,4
9393,4
9395,4
9423,4
9434,4
9459,4
9482,4
9489,4
9502,4
9509,4
9511,4
9517,4
9552,4
9568,4
9594,4
9606,4
9615,4
9639,4
9660,4
9681,4
9687,4
9724,4
9895,4
9926,4
9994,4
11,3
89,3
113,3
115,3
146,3
163,3
186,3
215,3
244,3
260,3
261,3
285,3
292,3
308,3
312,3
334,3
335,3
341,3
393,3
394,3
402,3
408,3
453,3
456,3
487,3
501,3
502,3
521,3
541,3
546,3
560,3
564,3
597,3
606,3
642,3
661,3
682,3
691,3
713,3
739,3
761,3
768,3
771,3
778,3
803,3
818,3
843,3
846,3
866,3
877,3
883,3
889,3
891,3
901,3
910,3
919,3
991,3
1010,3
1022,3
1031,3
1037,3
1038,3
1045,3
1110,3
1129,3
1138,3
1161,3
1167,3
1178,3
1179,3
1210,3
1238,3
1246,3
1254,3
1297,3
1329,3
1330,3
1333,3
1374,3
1378,3
1390,3
1398,3
1421,3
1422,3
1423,3
1455,3
1466,3
1469,3
1496,3
1504,3
1511,3
1535,3
1537,3
1578,3
1603,3
1629,3
1661,3
1696,3
1720,3
1727,3
1779,3
1787,3
1797,3
1801,3
1808,3
1858,3
1876,3
1900,3
1914,3
1932,3
1933,3
1944,3
1956,3
1964,3
1984,3
1987,3
2037,3
2083,3
2085,3
2092,3
2124,3
2161,3
2177,3
2182,3
2186,3
2190,3
2207,3
2219,3
2230,3
2235,3
2254,3
2267,3
2270,3
2304,3
2312,3
2344,3
2350,3
2353,3
2429,3
2457,3
2510,3
2524,3
2527,3
2620,3
2654,3
2668,3
2716,3
2744,3
2786,3
2789,3
2823,3
2875,3
2897,3
2909,3
2919,3
2942,3
2969,3
2984,3
3037,3
3038,3
3043,3
3067,3
3071,3
3098,3
3102,3
3112,3
3130,3
3134,3
3190,3
3199,3
3207,3
3246,3
3247,3
3250,3
3314,3
3327,3
3359,3
3424,3
3440,3
3452,3
3457,3
3461,3
3502,3
3503,3
3504,3
3505,3
3507,3
3517,3
3529,3
3547,3
3549,3
3569,3
3595,3
3613,3
3648,3
3650,3
3678,3
3747,3
3762,3
3765,3
3771,3
3775,3
3776,3
3781,3
3795,3
3804,3
3808,3
3856,3
3885,3
3887,3
3893,3
3911,3
3930,3
3934,3
3940,3
3967,3
3976,3
3982,3
4005,3
4022,3
4025,3
4027,3
4029,3
4055,3
4074,3
4117,3
4142,3
4144,3
4158,3
4160,3
4166,3
4168,3
4179,3
4180,3
4186,3
4188,3
4201,3
4208,3
4261,3
4278,3
4286,3
4298,3
4356,3
4377,3
4404,3
4464,3
4505,3
4522,3
4547,3
4581,3
4587,3
4596,3
4630,3
4640,3
4680,3
4684,3
4713,3
4737,3
4758,3
4774,3
4786,3
4800,3
4816,3
4825,3
4832,3
4859,3
4871,3
4886,3
4892,3
4906,3
4949,3
4970,3
4983,3
5019,3
5030,3
5050,3
5052,3
5058,3
5104,3
5148,3
5187,3
5189,3
5239,3
5244,3
5247,3
5267,3
5283,3
5306,3
5363,3
5373,3
5375,3
5399,3
5414,3
5418,3
5450,3
5471,3
5517,3
5521,3
5527,3
5553,3
5627,3
5652,3
5660,3
5672,3
5716,3
5727,3
5729,3
5731,3
5735,3
5746,3
5825,3
5846,3
5866,3
5875,3
5887,3
5902,3
5903,3
5923,3
5972,3
6098,3
6123,3
6157,3
6176,3
6184,3
6191,3
6205,3
6221,3
6243,3
6286,3
6333,3
6390,3
6414,3
6432,3
6448,3
6489,3
6507,3
6515,3
6518,3
6536,3
6537,3
6546,3
6547,3
6551,3
6553,3
6566,3
6573,3
6577,3
6585,3
6597,3
6626,3
6675,3
6757,3
6767,3
6786,3
6823,3
6827,3
6830,3
6863,3
6878,3
6886,3
6900,3
6905,3
6912,3
6916,3
6935,3
6944,3
6961,3
6992,3
6998,3
7037,3
7062,3
7094,3
7100,3
7112,3
7124,3
7153,3
7185,3
7201,3
7247,3
7256,3
7346,3
7359,3
7365,3
7373,3
7408,3
7428,3
7436,3
7457,3
7477,3
7489,3
7524,3
7558,3
7573,3
7580,3
7582,3
7584,3
7599,3
7619,3
7638,3
7787,3
7794,3
7796,3
7815,3
7827,3
7878,3
7892,3
7927,3
7929,3
7931,3
7941,3
7950,3
7968,3
7980,3
7984,3
7998,3
8012,3
8079,3
8103,3
8106,3
8126,3
8157,3
8160,3
8161,3
8188,3
8190,3
8211,3
8240,3
8244,3
8257,3
8268,3
8269,3
8276,3
8290,3
8309,3
8313,3
8314,3
8318,3
8319,3
8357,3
8370,3
8371,3
8374,3
8393,3
8403,3
8415,3
8417,3
8452,3
8464,3
8465,3
8468,3
8490,3
8507,3
8525,3
8535,3
8552,3
8570,3
8573,3
8624,3
8629,3
8641,3
8660,3
8661,3
8670,3
8675,3
8690,3
8692,3
8697,3
8699,3
8704,3
8716,3
8743,3
8826,3
8874,3
8896,3
8906,3
8913,3
8921,3
8928,3
8975,3
8985,3
8992,3
8996,3
9007,3
9009,3
9015,3
9059,3
9086,3
9102,3
9107,3
9109,3
9176,3
9214,3
9251,3
9254,3
9288,3
9289,3
9291,3
9305,3
9320,3
9324,3
9335,3
9349,3
9383,3
9385,3
9388,3
9401,3
9412,3
9422,3
9425,3
9439,3
9440,3
9475,3
9505,3
9514,3
9533,3
9535,3
9563,3
9569,3
9604,3
9619,3
9637,3
9691,3
9692,3
9733,3
9735,3
9756,3
9760,3
9811,3
9818,3
9836,3
9843,3
9849,3
9877,3
9901,3
9910,3
9917,3
9957,3
9975,3
9976,3
9978,3
5,2
25,2
41,2
42,2
64,2
94,2
142,2
158,2
162,2
165,2
193,2
232,2
243,2
282,2
310,2
311,2
362,2
363,2
381,2
383,2
466,2
485,2
516,2
520,2
527,2
529,2
569,2
579,2
652,2
656,2
665,2
679,2
721,2
737,2
745,2
775,2
791,2
813,2
815,2
821,2
823,2
836,2
837,2
892,2
896,2
913,2
930,2
972,2
974,2
993,2
1044,2
1050,2
1077,2
1143,2
1152,2
1180,2
1198,2
1219,2
1225,2
1259,2
1262,2
1334,2
1338,2
1387,2
1425,2
1447,2
1470,2
1500,2
1505,2
1506,2
1542,2
1549,2
1594,2
1609,2
1612,2
1624,2
1635,2
1658,2
1662,2
1668,2
1701,2
1743,2
1749,2
1750,2
1766,2
1778,2
1784,2
1826,2
1892,2
1908,2
1921,2
1943,2
1967,2
1978,2
1981,2
2033,2
2065,2
2069,2
2075,2
2079,2
2113,2
2134,2
2150,2
2155,2
2208,2
2215,2
2246,2
2272,2
2300,2
2301,2
2327,2
2329,2
2332,2
2335,2
2349,2
2369,2
2390,2
2409,2
2418,2
2431,2
2443,2
2540,2
2596,2
2598,2
2601,2
2632,2
2677,2
2678,2
2686,2
2715,2
2717,2
2722,2
2725,2
2749,2
2751,2
2764,2
2769,2
2784,2
2806,2
2822,2
2844,2
2896,2
2926,2
2978,2
2992,2
3001,2
3004,2
3036,2
3048,2
3050,2
3085,2
3093,2
3096,2
3100,2
3117,2
3136,2
3153,2
3171,2
3178,2
3197,2
3198,2
3217,2
3227,2
3234,2
3235,2
3262,2
3270,2
3281,2
3290,2
3305,2
3345,2
3386,2
3395,2
3398,2
3412,2
3425,2
3435,2
3446,2
3448,2
3494,2
3581,2
3584,2
3618,2
3624,2
3666,2
3677,2
3682,2
3694,2
3711,2
3717,2
3723,2
3746,2
3777,2
3782,2
3789,2
3794,2
3809,2
3825,2
3847,2
3848,2
3849,2
3862,2
3876,2
3927,2
3942,2
3946,2
3952,2
3985,2
4012,2
4016,2
4035,2
4040,2
4067,2
4071,2
4100,2
4112,2
4136,2
4147,2
4187,2
4197,2
4205,2
4212,2
4219,2
4226,2
4260,2
4269,2
4289,2
4299,2
4367,2
4375,2
4405,2
4421,2
4442,2
4472,2
4478,2
4486,2
4513,2
4524,2
4530,2
4532,2
4539,2
4569,2
4575,2
4584,2
4612,2
4623,2
4626,2
4639,2
4652,2
4672,2
4710,2
4754,2
4755,2
4770,2
4771,2
4773,2
4775,2
4804,2
4840,2
4856,2
4875,2
4877,2
4881,2
4896,2
4918,2
4925,2
4934,2
4962,2
4994,2
5056,2
5066,2
5096,2
5101,2
5119,2
5136,2
5143,2
5197,2
5204,2
5254,2
5265,2
5297,2
5316,2
5317,2
5321,2
5334,2
5337,2
5398,2
5495,2
5508,2
5594,2
5656,2
5682,2
5739,2
5773,2
5774,2
5787,2
5790,2
5792,2
5810,2
5832,2
5840,2
5865,2
5883,2
5893,2
5895,2
5919,2
5931,2
5933,2
5942,2
5948,2
5976,2
5994,2
6009,2
6073,2
6097,2
6114,2
6134,2
6138,2
6139,2
6152,2
6177,2
6185,2
6192,2
6193,2
6196,2
6201,2
6204,2
6220,2
6239,2
6256,2
6284,2
6329,2
6355,2
6369,2
6371,2
6387,2
6393,2
6403,2
6412,2
6416,2
6428,2
6429,2
6455,2
6499,2
6519,2
6524,2
6528,2
6564,2
6581,2
6613,2
6647,2
6661,2
6663,2
6701,2
6714,2
6739,2
6754,2
6797,2
6821,2
6834,2
6881,2
6890,2
6910,2
6932,2
6958,2
6995,2
7013,2
7051,2
7075,2
7077,2
7096,2
7130,2
7137,2
7156,2
7168,2
7169,2
7171,2
7183,2
7184,2
7193,2
7213,2
7231,2
7241,2
7282,2
7326,2
7342,2
7344,2
7390,2
7392,2
7415,2
7429,2
7481,2
7502,2
7512,2
7521,2
7531,2
7545,2
7650,2
7656,2
7666,2
7677,2
7713,2
7720,2
7752,2
7774,2
7799,2
7812,2
7836,2
7846,2
7872,2
7876,2
7912,2
7917,2
7924,2
7930,2
7961,2
7967,2
7973,2
7994,2
8026,2
8040,2
8042,2
8070,2
8086,2
8089,2
8124,2
8144,2
8173,2
8196,2
8203,2
8228,2
8235,2
8246,2
8262,2
8285,2
8312,2
8349,2
8350,2
8351,2
8354,2
8373,2
8418,2
8431,2
8481,2
8506,2
8509,2
8519,2
8530,2
8537,2
8547,2
8551,2
8553,2
8606,2
8610,2
8625,2
8644,2
8650,2
8662,2
8665,2
8688,2
8748,2
8777,2
8796,2
8803,2
8821,2
8860,2
8866,2
8950,2
9010,2
9041,2
9058,2
9061,2
9082,2
9090,2
9108,2
9114,2
9163,2
9219,2
9221,2
9232,2
9235,2
9260,2
9283,2
9290,2
9298,2
9322,2
9325,2
9333,2
9344,2
9373,2
9380,2
9389,2
9447,2
9455,2
9476,2
9478,2
9495,2
9524,2
9528,2
9541,2
9596,2
9623,2
9663,2
9665,2
9680,2
9698,2
9704,2
9748,2
9754,2
9787,2
9797,2
9803,2
9825,2
9827,2
9870,2
9873,2
9874,2
9886,2
9909,2
9915,2
9927,2
9984,2
13,1
22,1
35,1
53,1
60,1
68,1
71,1
109,1
112,1
132,1
137,1
214,1
239,1
245,1
246,1
253,1
273,1
278,1
314,1
325,1
364,1
387,1
416,1
419,1
431,1
447,1
480,1
493,1
494,1
526,1
578,1
595,1
620,1
646,1
673,1
698,1
705,1
794,1
809,1
822,1
876,1
878,1
888,1
900,1
907,1
917,1
955,1
1028,1
1035,1
1042,1
1058,1
1064,1
1117,1
1122,1
1134,1
1135,1
1173,1
1209,1
1251,1
1261,1
1277,1
1292,1
1299,1
1308,1
1325,1
1340,1
1341,1
1345,1
1347,1
1360,1
1361,1
1362,1
1382,1
1385,1
1399,1
1401,1
1415,1
1416,1
1417,1
1426,1
1432,1
1448,1
1471,1
1477,1
1510,1
1529,1
1532,1
1562,1
1623,1
1642,1
1709,1
1729,1
1751,1
1761,1
1767,1
1802,1
1838,1
1846,1
1847,1
1848,1
1850,1
1916,1
1974,1
1992,1
2034,1
2056,1
2096,1
2154,1
2169,1
2193,1
2203,1
2229,1
2257,1
2280,1
2296,1
2305,1
2310,1
2339,1
2347,1
2358,1
2372,1
2413,1
2459,1
2462,1
2482,1
2483,1
2490,1
2491,1
2521,1
2538,1
2602,1
2610,1
2615,1
2617,1
2634,1
2643,1
2661,1
2666,1
2709,1
2713,1
2746,1
2765,1
2804,1
2808,1
2814,1
2895,1
2918,1
2930,1
2934,1
2946,1
2994,1
3035,1
3040,1
3047,1
3073,1
3113,1
3127,1
3150,1
3236,1
3245,1
3259,1
3268,1
3282,1
3340,1
3396,1
3436,1
3458,1
3478,1
3513,1
3531,1
3556,1
3585,1
3599,1
3646,1
3685,1
3695,1
3728,1
3767,1
3769,1
3780,1
3801,1
3813,1
3834,1
3854,1
3874,1
3875,1
3878,1
3907,1
3918,1
3929,1
3937,1
3939,1
3980,1
3994,1
4033,1
4066,1
4098,1
4103,1
4184,1
4198,1
4203,1
4263,1
4282,1
4325,1
4331,1
4337,1
4343,1
4381,1
4402,1
4416,1
4420,1
4457,1
4467,1
4479,1
4485,1
4506,1
4507,1
4525,1
4533,1
4541,1
4558,1
4560,1
4571,1
4577,1
4580,1
4585,1
4595,1
4598,1
4614,1
4636,1
4644,1
4651,1
4689,1
4692,1
4696,1
4727,1
4761,1
4789,1
4801,1
4807,1
4839,1
4846,1
4854,1
4921,1
4939,1
4946,1
4972,1
5011,1
5026,1
5029,1
5032,1
5065,1
5079,1
5081,1
5095,1
5097,1
5113,1
5114,1
5147,1
5171,1
5191,1
5231,1
5232,1
5241,1
5246,1
5268,1
5287,1
5312,1
5315,1
5329,1
5400,1
5440,1
5444,1
5445,1
5462,1
5547,1
5584,1
5586,1
5592,1
5622,1
5625,1
5689,1
5690,1
5696,1
5725,1
5740,1
5755,1
5804,1
5805,1
5817,1
5818,1
5824,1
5827,1
5828,1
5843,1
5852,1
5925,1
5944,1
5958,1
5970,1
5981,1
5992,1
6007,1
6090,1
6096,1
6101,1
6133,1
6171,1
6181,1
6203,1
6240,1
6263,1
6276,1
6306,1
6316,1
6340,1
6343,1
6372,1
6380,1
6392,1
6504,1
6522,1
6527,1
6560,1
6590,1
6620,1
6645,1
6656,1
6658,1
6700,1
6705,1
6712,1
6713,1
6718,1
6748,1
6772,1
6773,1
6826,1
6829,1
6877,1
6888,1
6903,1
6909,1
6945,1
6959,1
6964,1
6968,1
6972,1
6975,1
7024,1
7030,1
7032,1
7069,1
7161,1
7230,1
7249,1
7281,1
7307,1
7333,1
7378,1
7381,1
7452,1
7463,1
7471,1
7490,1
7506,1
7513,1
7517,1
7529,1
7530,1
7544,1
7550,1
7559,1
7581,1
7597,1
7612,1
7615,1
7680,1
7694,1
7696,1
7716,1
7760,1
7764,1
7816,1
7819,1
7823,1
7867,1
7877,1
7891,1
7901,1
7906,1
7958,1
7979,1
7995,1
8000,1
8017,1
8018,1
8054,1
8058,1
8077,1
8092,1
8093,1
8112,1
8121,1
8131,1
8165,1
8254,1
8273,1
8289,1
8296,1
8302,1
8307,1
8308,1
8366,1
8369,1
8442,1
8479,1
8480,1
8548,1
8594,1
8609,1
8615,1
8621,1
8666,1
8676,1
8678,1
8700,1
8724,1
8731,1
8782,1
8786,1
8802,1
8812,1
8844,1
8863,1
8865,1
8902,1
8911,1
8946,1
8959,1
8979,1
8988,1
9017,1
9042,1
9051,1
9053,1
9068,1
9079,1
9157,1
9181,1
9205,1
9233,1
9353,1
9362,1
9386,1
9417,1
9449,1
9453,1
9457,1
9527,1
9610,1
9622,1
9633,1
9676,1
9677,1
9678,1
9705,1
9729,1
9740,1
9746,1
9755,1
9775,1
9807,1
9861,1
9882,1
9888,1
9911,1
9923,1
9935,1
9945,1
9966,1
9971,1
9979,1
9980,1
9990,1
9992,1
2,0
19,0
32,0
33,0
36,0
37,0
61,0
86,0
88,0
96,0
114,0
122,0
125,0
140,0
144,0
148,0
149,0
152,0
159,0
160,0
161,0
169,0
180,0
184,0
185,0
209,0
225,0
226,0
228,0
230,0
233,0
234,0
236,0
237,0
252,0
256,0
262,0
269,0
274,0
287,0
291,0
296,0
306,0
307,0
315,0
318,0
338,0
348,0
354,0
358,0
376,0
380,0
403,0
404,0
406,0
432,0
443,0
455,0
470,0
478,0
479,0
481,0
482,0
483,0
488,0
492,0
495,0
497,0
498,0
528,0
534,0
545,0
549,0
551,0
554,0
570,0
576,0
577,0
581,0
584,0
586,0
590,0
591,0
594,0
607,0
614,0
629,0
630,0
634,0
641,0
643,0
664,0
668,0
672,0
676,0
677,0
680,0
694,0
704,0
710,0
711,0
720,0
754,0
764,0
776,0
783,0
806,0
819,0
840,0
845,0
850,0
856,0
872,0
881,0
884,0
890,0
898,0
912,0
923,0
931,0
956,0
969,0
981,0
985,0
989,0
1002,0
1011,0
1061,0
1062,0
1104,0
1105,0
1111,0
1114,0
1137,0
1149,0
1150,0
1154,0
1164,0
1168,0
1176,0
1185,0
1186,0
1194,0
1223,0
1241,0
1243,0
1244,0
1247,0
1252,0
1282,0
1283,0
1295,0
1296,0
1298,0
1300,0
1313,0
1316,0
1317,0
1319,0
1320,0
1327,0
1344,0
1348,0
1353,0
1359,0
1365,0
1366,0
1368,0
1370,0
1372,0
1376,0
1377,0
1384,0
1388,0
1400,0
1409,0
1413,0
1418,0
1450,0
1451,0
1452,0
1454,0
1457,0
1462,0
1502,0
1508,0
1516,0
1517,0
1520,0
1533,0
1551,0
1554,0
1555,0
1564,0
1577,0
1589,0
1592,0
1595,0
1597,0
1608,0
1621,0
1631,0
1657,0
1660,0
1670,0
1677,0
1683,0
1689,0
1699,0
1705,0
1730,0
1733,0
1735,0
1741,0
1746,0
1753,0
1760,0
1776,0
1780,0
1790,0
1793,0
1800,0
1817,0
1833,0
1840,0
1901,0
1919,0
1928,0
1931,0
1949,0
1950,0
1955,0
1960,0
1963,0
1969,0
1977,0
1979,0
1990,0
2000,0
2003,0
2014,0
2016,0
2021,0
2027,0
2028,0
2036,0
2049,0
2054,0
2057,0
2066,0
2084,0
2101,0
2114,0
2118,0
2122,0
2137,0
2147,0
2152,0
2158,0
2162,0
2163,0
2164,0
2217,0
2221,0
2227,0
2228,0
2233,0
2247,0
2252,0
2253,0
2258,0
2265,0
2266,0
2273,0
2282,0
2317,0
2319,0
2320,0
2328,0
2331,0
2338,0
2346,0
2354,0
2363,0
2368,0
2370,0
2373,0
2387,0
2395,0
2406,0
2408,0
2417,0
2419,0
2427,0
2430,0
2442,0
2451,0
2455,0
2467,0
2470,0
2472,0
2479,0
2485,0
2488,0
2493,0
2495,0
2507,0
2511,0
2516,0
2519,0
2525,0
2528,0
2535,0
2547,0
2551,0
2558,0
2562,0
2572,0
2573,0
2575,0
2576,0
2582,0
2584,0
2587,0
2597,0
2599,0
2604,0
2606,0
2619,0
2628,0
2642,0
2648,0
2655,0
2673,0
2674,0
2682,0
2701,0
2702,0
2714,0
2733,0
2756,0
2760,0
2770,0
2773,0
2809,0
2812,0
2813,0
2824,0
2826,0
2827,0
2832,0
2837,0
2847,0
2848,0
2851,0
2860,0
2869,0
2876,0
2880,0
2892,0
2894,0
2899,0
2924,0
2937,0
2948,0
2960,0
2963,0
2964,0
2977,0
2987,0
3006,0
3008,0
3013,0
3015,0
3039,0
3042,0
3046,0
3049,0
3053,0
3068,0
3084,0
3089,0
3090,0
3094,0
3101,0
3110,0
3122,0
3123,0
3131,0
3145,0
3175,0
3188,0
3191,0
3204,0
3220,0
3230,0
3240,0
3261,0
3266,0
3267,0
3274,0
3276,0
3289,0
3292,0
3306,0
3320,0
3322,0
3333,0
3337,0
3341,0
3344,0
3351,0
3366,0
3374,0
3377,0
3378,0
3379,0
3400,0
3409,0
3410,0
3411,0
3413,0
3420,0
3421,0
3423,0
3428,0
3437,0
3445,0
3449,0
3454,0
3474,0
3497,0
3498,0
3514,0
3515,0
3534,0
3538,0
3540,0
3541,0
3555,0
3571,0
3583,0
3594,0
3600,0
3606,0
3610,0
3616,0
3625,0
3632,0
3652,0
3656,0
3657,0
3658,0
3660,0
3673,0
3674,0
3680,0
3686,0
3690,0
3692,0
3699,0
3704,0
3706,0
3716,0
3719,0
3726,0
3727,0
3736,0
3779,0
3785,0
3796,0
3810,0
3833,0
3836,0
3838,0
3868,0
3873,0
3877,0
3883,0
3889,0
3892,0
3897,0
3898,0
3902,0
3910,0
3920,0
3924,0
3928,0
3931,0
3949,0
3955,0
3984,0
3991,0
3997,0
4014,0
4017,0
4021,0
4024,0
4030,0
4031,0
4032,0
4037,0
4038,0
4043,0
4044,0
4046,0
4048,0
4057,0
4059,0
4061,0
4063,0
4069,0
4072,0
4087,0
4089,0
4104,0
4115,0
4145,0
4155,0
4159,0
4182,0
4211,0
4221,0
4238,0
4239,0
4241,0
4256,0
4266,0
4268,0
4271,0
4272,0
4281,0
4284,0
4291,0
4300,0
4301,0
4304,0
4324,0
4326,0
4328,0
4334,0
4338,0
4345,0
4351,0
4368,0
4369,0
4373,0
4380,0
4386,0
4387,0
4392,0
4399,0
4406,0
4407,0
4424,0
4432,0
4438,0
4441,0
4446,0
4451,0
4456,0
4466,0
4470,0
4475,0
4484,0
4490,0
4501,0
4535,0
4545,0
4553,0
4556,0
4564,0
4574,0
4593,0
4601,0
4607,0
4617,0
4620,0
4632,0
4633,0
4637,0
4655,0
4658,0
4659,0
4679,0
4681,0
4705,0
4711,0
4712,0
4735,0
4736,0
4742,0
4747,0
4759,0
4763,0
4764,0
4766,0
4784,0
4796,0
4805,0
4820,0
4821,0
4824,0
4828,0
4830,0
4843,0
4848,0
4860,0
4862,0
4870,0
4872,0
4879,0
4891,0
4894,0
4895,0
4897,0
4899,0
4900,0
4904,0
4914,0
4916,0
4917,0
4924,0
4943,0
4952,0
4955,0
4961,0
4973,0
4986,0
4999,0
5007,0
5008,0
5010,0
5014,0
5018,0
5021,0
5024,0
5031,0
5037,0
5057,0
5086,0
5087,0
5093,0
5094,0
5105,0
5111,0
5115,0
5118,0
5123,0
5138,0
5141,0
5144,0
5145,0
5151,0
5157,0
5163,0
5164,0
5170,0
5211,0
5220,0
5221,0
5222,0
5229,0
5230,0
5250,0
5264,0
5276,0
5307,0
5325,0
5327,0
5331,0
5349,0
5358,0
5366,0
5367,0
5372,0
5379,0
5381,0
5383,0
5388,0
5390,0
5394,0
5411,0
5419,0
5441,0
5442,0
5447,0
5454,0
5456,0
5459,0
5485,0
5486,0
5489,0
5496,0
5497,0
5520,0
5522,0
5533,0
5536,0
5540,0
5541,0
5555,0
5561,0
5577,0
5601,0
5609,0
5615,0
5619,0
5623,0
5628,0
5633,0
5635,0
5642,0
5650,0
5655,0
5658,0
5668,0
5669,0
5674,0
5681,0
5688,0
5691,0
5694,0
5709,0
5711,0
5714,0
5726,0
5738,0
5751,0
5753,0
5760,0
5795,0
5807,0
5813,0
5830,0
5837,0
5839,0
5849,0
5853,0
5856,0
5863,0
5869,0
5871,0
5873,0
5874,0
5886,0
5894,0
5904,0
5906,0
5922,0
5924,0
5927,0
5930,0
5940,0
5941,0
5947,0
5950,0
5952,0
5957,0
5965,0
5975,0
5996,0
6001,0
6004,0
6006,0
6014,0
6019,0
6022,0
6034,0
6043,0
6046,0
6050,0
6051,0
6060,0
6064,0
6075,0
6083,0
6087,0
6094,0
6103,0
6108,0
6112,0
6137,0
6148,0
6149,0
6154,0
6156,0
6160,0
6161,0
6168,0
6174,0
6179,0
6182,0
6189,0
6206,0
6211,0
6212,0
6213,0
6230,0
6232,0
6233,0
6234,0
6235,0
6242,0
6246,0
6255,0
6262,0
6267,0
6272,0
6273,0
6295,0
6296,0
6301,0
6314,0
6315,0
6320,0
6324,0
6330,0
6348,0
6363,0
6377,0
6383,0
6389,0
6398,0
6402,0
6406,0
6409,0
6413,0
6417,0
6418,0
6422,0
6423,0
6426,0
6430,0
6442,0
6444,0
6445,0
6452,0
6457,0
6481,0
6485,0
6496,0
6508,0
6510,0
6512,0
6525,0
6532,0
6538,0
6539,0
6541,0
6542,0
6550,0
6556,0
6558,0
6559,0
6563,0
6575,0
6578,0
6580,0
6602,0
6603,0
6635,0
6637,0
6640,0
6644,0
6651,0
6653,0
6655,0
6666,0
6670,0
6674,0
6702,0
6703,0
6706,0
6708,0
6709,0
6720,0
6726,0
6730,0
6732,0
6733,0
6746,0
6762,0
6775,0
6779,0
6780,0
6795,0
6809,0
6832,0
6838,0
6842,0
6847,0
6850,0
6851,0
6856,0
6866,0
6871,0
6875,0
6894,0
6895,0
6908,0
6920,0
6940,0
6941,0
6957,0
6970,0
6991,0
6997,0
7005,0
7021,0
7023,0
7056,0
7060,0
7070,0
7080,0
7115,0
7136,0
7154,0
7155,0
7162,0
7163,0
7175,0
7202,0
7229,0
7234,0
7237,0
7238,0
7243,0
7245,0
7261,0
7263,0
7265,0
7270,0
7271,0
7276,0
7277,0
7280,0
7310,0
7316,0
7317,0
7321,0
7327,0
7340,0
7349,0
7351,0
7360,0
7361,0
7367,0
7370,0
7385,0
7393,0
7402,0
7411,0
7416,0
7418,0
7419,0
7422,0
7430,0
7432,0
7435,0
7437,0
7444,0
7448,0
7456,0
7472,0
7492,0
7518,0
7520,0
7532,0
7540,0
7542,0
7543,0
7546,0
7549,0
7554,0
7583,0
7585,0
7592,0
7601,0
7605,0
7607,0
7608,0
7617,0
7628,0
7633,0
7636,0
7639,0
7646,0
7657,0
7658,0
7661,0
7665,0
7672,0
7685,0
7691,0
7693,0
7701,0
7703,0
7711,0
7712,0
7754,0
7763,0
7766,0
7783,0
7785,0
7800,0
7806,0
7809,0
7837,0
7842,0
7847,0
7856,0
7858,0
7870,0
7871,0
7874,0
7882,0
7897,0
7898,0
7903,0
7904,0
7909,0
7911,0
7915,0
7920,0
7934,0
7936,0
7940,0
7942,0
7986,0
7999,0
8001,0
8002,0
8004,0
8013,0
8015,0
8019,0
8021,0
8033,0
8037,0
8043,0
8051,0
8064,0
8118,0
8123,0
8125,0
8129,0
8130,0
8154,0
8168,0
8180,0
8181,0
8183,0
8204,0
8206,0
8210,0
8216,0
8217,0
8219,0
8224,0
8225,0
8226,0
8238,0
8245,0
8251,0
8274,0
8277,0
8281,0
8284,0
8286,0
8293,0
8300,0
8315,0
8317,0
8323,0
8326,0
8328,0
8331,0
8335,0
8337,0
8345,0
8353,0
8355,0
8356,0
8361,0
8372,0
8398,0
8410,0
8425,0
8428,0
8438,0
8441,0
8445,0
8461,0
8489,0
8494,0
8502,0
8504,0
8513,0
8515,0
8517,0
8524,0
8531,0
8539,0
8540,0
8542,0
8554,0
8556,0
8563,0
8578,0
8580,0
8619,0
8627,0
8631,0
8634,0
8635,0
8638,0
8643,0
8646,0
8647,0
8657,0
8663,0
8677,0
8679,0
8680,0
8691,0
8696,0
8706,0
8715,0
8722,0
8725,0
8761,0
8763,0
8767,0
8768,0
8770,0
8776,0
8780,0
8787,0
8795,0
8797,0
8808,0
8811,0
8814,0
8824,0
8832,0
8837,0
8841,0
8864,0
8895,0
8899,0
8907,0
8918,0
8930,0
8937,0
8953,0
8981,0
8984,0
9005,0
9020,0
9025,0
9050,0
9054,0
9075,0
9078,0
9085,0
9103,0
9106,0
9115,0
9116,0
9118,0
9119,0
9122,0
9129,0
9132,0
9141,0
9160,0
9164,0
9170,0
9189,0
9191,0
9209,0
9216,0
9217,0
9227,0
9228,0
9241,0
9266,0
9274,0
9275,0
9278,0
9282,0
9285,0
9292,0
9295,0
9297,0
9303,0
9312,0
9321,0
9323,0
9332,0
9336,0
9337,0
9345,0
9356,0
9360,0
9364,0
9375,0
9377,0
9384,0
9387,0
9427,0
9442,0
9464,0
9465,0
9472,0
9488,0
9491,0
9492,0
9494,0
9499,0
9507,0
9508,0
9513,0
9518,0
9521,0
9538,0
9540,0
9544,0
9574,0
9580,0
9588,0
9589,0
9595,0
9600,0
9609,0
9617,0
9640,0
9654,0
9669,0
9671,0
9672,0
9688,0
9693,0
9694,0
9700,0
9701,0
9708,0
9716,0
9718,0
9725,0
9739,0
9745,0
9763,0
9773,0
9777,0
9780,0
9786,0
9788,0
9789,0
9790,0
9793,0
9794,0
9795,0
9799,0
9806,0
9821,0
9822,0
9823,0
9830,0
9837,0
9840,0
9847,0
9848,0
9853,0
9864,0
9880,0
9885,0
9887,0
9889,0
9894,0
9900,0
9902,0
9913,0
9942,0
9943,0
9947,0
9954,0
9956,0
9965,0
9967,0
9993,0
251,-1
557,-1
1302,-1
1483,-1
2260,-1
2343,-1
2428,-1
3492,-1
3525,-1
4744,-1
4767,-1
6195,-1
6226,-1
6354,-1
6831,-1
7018,-1
7098,-1
7258,-1
7345,-1
7957,-1
8094,-1
8250,-1
8533,-1
9231,-1
9602,-1
9655,-1
9852,-1
